system:index,band,correlation,.geo
0,SR_B2_SR_B2,1.0,"{""type"":""MultiPoint"",""coordinates"":[]}"
1,SR_B2_SR_B3,0.966080631257625,"{""type"":""MultiPoint"",""coordinates"":[]}"
2,SR_B2_SR_B4,0.9654268032128908,"{""type"":""MultiPoint"",""coordinates"":[]}"
3,SR_B2_SR_B5,0.2075736006730835,"{""type"":""MultiPoint"",""coordinates"":[]}"
4,SR_B2_SR_B6,0.8311369966948612,"{""type"":""MultiPoint"",""coordinates"":[]}"
5,SR_B2_SR_B7,0.9114182287894249,"{""type"":""MultiPoint"",""coordinates"":[]}"
6,SR_B2_elevation,-0.4030866148929677,"{""type"":""MultiPoint"",""coordinates"":[]}"
7,SR_B2_slope,-0.36127209086060336,"{""type"":""MultiPoint"",""coordinates"":[]}"
8,SR_B2_NDBI,0.7769347148161966,"{""type"":""MultiPoint"",""coordinates"":[]}"
9,SR_B2_NDVI,-0.8775339600384414,"{""type"":""MultiPoint"",""coordinates"":[]}"
10,SR_B2_BLFEI,0.6900024669656152,"{""type"":""MultiPoint"",""coordinates"":[]}"
11,SR_B2_NDMI,-0.7769347148161966,"{""type"":""MultiPoint"",""coordinates"":[]}"
12,SR_B2_NDSaII,0.6809911187575379,"{""type"":""MultiPoint"",""coordinates"":[]}"
13,SR_B2_ExG,-0.306371424594312,"{""type"":""MultiPoint"",""coordinates"":[]}"
14,SR_B2_EVI,-0.611361111586315,"{""type"":""MultiPoint"",""coordinates"":[]}"
15,SR_B2_SR_B2_1,0.7223169219072375,"{""type"":""MultiPoint"",""coordinates"":[]}"
16,SR_B2_SR_B3_1,0.7349146526643336,"{""type"":""MultiPoint"",""coordinates"":[]}"
17,SR_B2_SR_B4_1,0.675877404170473,"{""type"":""MultiPoint"",""coordinates"":[]}"
18,SR_B2_SR_B5_1,0.18779223996279873,"{""type"":""MultiPoint"",""coordinates"":[]}"
19,SR_B2_SR_B6_1,0.5846114893280067,"{""type"":""MultiPoint"",""coordinates"":[]}"
20,SR_B2_SR_B7_1,0.6284466861651308,"{""type"":""MultiPoint"",""coordinates"":[]}"
21,SR_B2_SR_B2_2,0.8341939865488979,"{""type"":""MultiPoint"",""coordinates"":[]}"
22,SR_B2_SR_B3_2,0.8294221237769854,"{""type"":""MultiPoint"",""coordinates"":[]}"
23,SR_B2_SR_B4_2,0.8185841123139798,"{""type"":""MultiPoint"",""coordinates"":[]}"
24,SR_B2_SR_B5_2,-0.012783245759180861,"{""type"":""MultiPoint"",""coordinates"":[]}"
25,SR_B2_SR_B6_2,0.7250906481707813,"{""type"":""MultiPoint"",""coordinates"":[]}"
26,SR_B2_SR_B7_2,0.7707964666837563,"{""type"":""MultiPoint"",""coordinates"":[]}"
27,SR_B2_pc1,0.38982759141176065,"{""type"":""MultiPoint"",""coordinates"":[]}"
28,SR_B2_pc2,0.7242538885751257,"{""type"":""MultiPoint"",""coordinates"":[]}"
29,SR_B2_pc3,0.06568608121511743,"{""type"":""MultiPoint"",""coordinates"":[]}"
30,SR_B3_SR_B2,0.966080631257625,"{""type"":""MultiPoint"",""coordinates"":[]}"
31,SR_B3_SR_B3,1.0,"{""type"":""MultiPoint"",""coordinates"":[]}"
32,SR_B3_SR_B4,0.9744345172537008,"{""type"":""MultiPoint"",""coordinates"":[]}"
33,SR_B3_SR_B5,0.298997126727404,"{""type"":""MultiPoint"",""coordinates"":[]}"
34,SR_B3_SR_B6,0.8296968881070622,"{""type"":""MultiPoint"",""coordinates"":[]}"
35,SR_B3_SR_B7,0.9005079014838072,"{""type"":""MultiPoint"",""coordinates"":[]}"
36,SR_B3_elevation,-0.42399591252161434,"{""type"":""MultiPoint"",""coordinates"":[]}"
37,SR_B3_slope,-0.3791465011220424,"{""type"":""MultiPoint"",""coordinates"":[]}"
38,SR_B3_NDBI,0.7253675753778339,"{""type"":""MultiPoint"",""coordinates"":[]}"
39,SR_B3_NDVI,-0.8578070384460189,"{""type"":""MultiPoint"",""coordinates"":[]}"
40,SR_B3_BLFEI,0.708347725907942,"{""type"":""MultiPoint"",""coordinates"":[]}"
41,SR_B3_NDMI,-0.7253675753778339,"{""type"":""MultiPoint"",""coordinates"":[]}"
42,SR_B3_NDSaII,0.699776546162307,"{""type"":""MultiPoint"",""coordinates"":[]}"
43,SR_B3_ExG,-0.11223359783733067,"{""type"":""MultiPoint"",""coordinates"":[]}"
44,SR_B3_EVI,-0.5627070018562654,"{""type"":""MultiPoint"",""coordinates"":[]}"
45,SR_B3_SR_B2_1,0.7336592733815523,"{""type"":""MultiPoint"",""coordinates"":[]}"
46,SR_B3_SR_B3_1,0.7801995367226333,"{""type"":""MultiPoint"",""coordinates"":[]}"
47,SR_B3_SR_B4_1,0.7232457481139647,"{""type"":""MultiPoint"",""coordinates"":[]}"
48,SR_B3_SR_B5_1,0.21665401188551883,"{""type"":""MultiPoint"",""coordinates"":[]}"
49,SR_B3_SR_B6_1,0.6224663905592637,"{""type"":""MultiPoint"",""coordinates"":[]}"
50,SR_B3_SR_B7_1,0.6641185877158119,"{""type"":""MultiPoint"",""coordinates"":[]}"
51,SR_B3_SR_B2_2,0.8590533577740962,"{""type"":""MultiPoint"",""coordinates"":[]}"
52,SR_B3_SR_B3_2,0.8814978185745587,"{""type"":""MultiPoint"",""coordinates"":[]}"
53,SR_B3_SR_B4_2,0.8736169280831699,"{""type"":""MultiPoint"",""coordinates"":[]}"
54,SR_B3_SR_B5_2,-0.011201675428345076,"{""type"":""MultiPoint"",""coordinates"":[]}"
55,SR_B3_SR_B6_2,0.7660376586867164,"{""type"":""MultiPoint"",""coordinates"":[]}"
56,SR_B3_SR_B7_2,0.8184939503366346,"{""type"":""MultiPoint"",""coordinates"":[]}"
57,SR_B3_pc1,0.40042177831243764,"{""type"":""MultiPoint"",""coordinates"":[]}"
58,SR_B3_pc2,0.7408422543823455,"{""type"":""MultiPoint"",""coordinates"":[]}"
59,SR_B3_pc3,9.34885543126495E-4,"{""type"":""MultiPoint"",""coordinates"":[]}"
60,SR_B4_SR_B2,0.9654268032128906,"{""type"":""MultiPoint"",""coordinates"":[]}"
61,SR_B4_SR_B3,0.9744345172537008,"{""type"":""MultiPoint"",""coordinates"":[]}"
62,SR_B4_SR_B4,1.0,"{""type"":""MultiPoint"",""coordinates"":[]}"
63,SR_B4_SR_B5,0.23145569512092568,"{""type"":""MultiPoint"",""coordinates"":[]}"
64,SR_B4_SR_B6,0.8682926207078431,"{""type"":""MultiPoint"",""coordinates"":[]}"
65,SR_B4_SR_B7,0.9399292134302296,"{""type"":""MultiPoint"",""coordinates"":[]}"
66,SR_B4_elevation,-0.35795144865224965,"{""type"":""MultiPoint"",""coordinates"":[]}"
67,SR_B4_slope,-0.3186413836322654,"{""type"":""MultiPoint"",""coordinates"":[]}"
68,SR_B4_NDBI,0.7985033403377708,"{""type"":""MultiPoint"",""coordinates"":[]}"
69,SR_B4_NDVI,-0.8946453727622958,"{""type"":""MultiPoint"",""coordinates"":[]}"
70,SR_B4_BLFEI,0.6795819926996053,"{""type"":""MultiPoint"",""coordinates"":[]}"
71,SR_B4_NDMI,-0.7985033403377708,"{""type"":""MultiPoint"",""coordinates"":[]}"
72,SR_B4_NDSaII,0.689833188045241,"{""type"":""MultiPoint"",""coordinates"":[]}"
73,SR_B4_ExG,-0.3100294698787328,"{""type"":""MultiPoint"",""coordinates"":[]}"
74,SR_B4_EVI,-0.6427706321535581,"{""type"":""MultiPoint"",""coordinates"":[]}"
75,SR_B4_SR_B2_1,0.691545621065493,"{""type"":""MultiPoint"",""coordinates"":[]}"
76,SR_B4_SR_B3_1,0.7419067588039094,"{""type"":""MultiPoint"",""coordinates"":[]}"
77,SR_B4_SR_B4_1,0.6944728290177148,"{""type"":""MultiPoint"",""coordinates"":[]}"
78,SR_B4_SR_B5_1,0.19659500859579826,"{""type"":""MultiPoint"",""coordinates"":[]}"
79,SR_B4_SR_B6_1,0.6145603540021152,"{""type"":""MultiPoint"",""coordinates"":[]}"
80,SR_B4_SR_B7_1,0.6546449444359868,"{""type"":""MultiPoint"",""coordinates"":[]}"
81,SR_B4_SR_B2_2,0.8046226424422128,"{""type"":""MultiPoint"",""coordinates"":[]}"
82,SR_B4_SR_B3_2,0.8302692525682385,"{""type"":""MultiPoint"",""coordinates"":[]}"
83,SR_B4_SR_B4_2,0.8324127294598331,"{""type"":""MultiPoint"",""coordinates"":[]}"
84,SR_B4_SR_B5_2,0.004117735645380115,"{""type"":""MultiPoint"",""coordinates"":[]}"
85,SR_B4_SR_B6_2,0.74711265455228,"{""type"":""MultiPoint"",""coordinates"":[]}"
86,SR_B4_SR_B7_2,0.7876463650658252,"{""type"":""MultiPoint"",""coordinates"":[]}"
87,SR_B4_pc1,0.39547835889046073,"{""type"":""MultiPoint"",""coordinates"":[]}"
88,SR_B4_pc2,0.7125056878941177,"{""type"":""MultiPoint"",""coordinates"":[]}"
89,SR_B4_pc3,0.08114920255760312,"{""type"":""MultiPoint"",""coordinates"":[]}"
90,SR_B5_SR_B2,0.2075736006730835,"{""type"":""MultiPoint"",""coordinates"":[]}"
91,SR_B5_SR_B3,0.29899712672740403,"{""type"":""MultiPoint"",""coordinates"":[]}"
92,SR_B5_SR_B4,0.23145569512092562,"{""type"":""MultiPoint"",""coordinates"":[]}"
93,SR_B5_SR_B5,1.0,"{""type"":""MultiPoint"",""coordinates"":[]}"
94,SR_B5_SR_B6,0.4244701785822184,"{""type"":""MultiPoint"",""coordinates"":[]}"
95,SR_B5_SR_B7,0.2842850334945339,"{""type"":""MultiPoint"",""coordinates"":[]}"
96,SR_B5_elevation,-0.1667046612314376,"{""type"":""MultiPoint"",""coordinates"":[]}"
97,SR_B5_slope,-0.18755188123448532,"{""type"":""MultiPoint"",""coordinates"":[]}"
98,SR_B5_NDBI,-0.08353031801452787,"{""type"":""MultiPoint"",""coordinates"":[]}"
99,SR_B5_NDVI,0.13768937641089024,"{""type"":""MultiPoint"",""coordinates"":[]}"
100,SR_B5_BLFEI,-0.17656493866517417,"{""type"":""MultiPoint"",""coordinates"":[]}"
101,SR_B5_NDMI,0.08353031801452787,"{""type"":""MultiPoint"",""coordinates"":[]}"
102,SR_B5_NDSaII,-0.15270375537021189,"{""type"":""MultiPoint"",""coordinates"":[]}"
103,SR_B5_ExG,0.30231049355552464,"{""type"":""MultiPoint"",""coordinates"":[]}"
104,SR_B5_EVI,0.5881823544024676,"{""type"":""MultiPoint"",""coordinates"":[]}"
105,SR_B5_SR_B2_1,0.34928402434853123,"{""type"":""MultiPoint"",""coordinates"":[]}"
106,SR_B5_SR_B3_1,0.38218320574583375,"{""type"":""MultiPoint"",""coordinates"":[]}"
107,SR_B5_SR_B4_1,0.3679586671088243,"{""type"":""MultiPoint"",""coordinates"":[]}"
108,SR_B5_SR_B5_1,0.5075448278721368,"{""type"":""MultiPoint"",""coordinates"":[]}"
109,SR_B5_SR_B6_1,0.516884958015823,"{""type"":""MultiPoint"",""coordinates"":[]}"
110,SR_B5_SR_B7_1,0.43671891701303406,"{""type"":""MultiPoint"",""coordinates"":[]}"
111,SR_B5_SR_B2_2,0.37893977490845376,"{""type"":""MultiPoint"",""coordinates"":[]}"
112,SR_B5_SR_B3_2,0.40957261485465285,"{""type"":""MultiPoint"",""coordinates"":[]}"
113,SR_B5_SR_B4_2,0.402549693552535,"{""type"":""MultiPoint"",""coordinates"":[]}"
114,SR_B5_SR_B5_2,0.5468664440365912,"{""type"":""MultiPoint"",""coordinates"":[]}"
115,SR_B5_SR_B6_2,0.5990367828934485,"{""type"":""MultiPoint"",""coordinates"":[]}"
116,SR_B5_SR_B7_2,0.49287722639433584,"{""type"":""MultiPoint"",""coordinates"":[]}"
117,SR_B5_pc1,0.25714430250007436,"{""type"":""MultiPoint"",""coordinates"":[]}"
118,SR_B5_pc2,0.3262566832083266,"{""type"":""MultiPoint"",""coordinates"":[]}"
119,SR_B5_pc3,-0.23048447026741828,"{""type"":""MultiPoint"",""coordinates"":[]}"
120,SR_B6_SR_B2,0.8311369966948612,"{""type"":""MultiPoint"",""coordinates"":[]}"
121,SR_B6_SR_B3,0.8296968881070622,"{""type"":""MultiPoint"",""coordinates"":[]}"
122,SR_B6_SR_B4,0.8682926207078431,"{""type"":""MultiPoint"",""coordinates"":[]}"
123,SR_B6_SR_B5,0.4244701785822185,"{""type"":""MultiPoint"",""coordinates"":[]}"
124,SR_B6_SR_B6,1.0,"{""type"":""MultiPoint"",""coordinates"":[]}"
125,SR_B6_SR_B7,0.9623527128486484,"{""type"":""MultiPoint"",""coordinates"":[]}"
126,SR_B6_elevation,-0.35020909755559304,"{""type"":""MultiPoint"",""coordinates"":[]}"
127,SR_B6_slope,-0.2878084341407046,"{""type"":""MultiPoint"",""coordinates"":[]}"
128,SR_B6_NDBI,0.8467366172729742,"{""type"":""MultiPoint"",""coordinates"":[]}"
129,SR_B6_NDVI,-0.6841545148372655,"{""type"":""MultiPoint"",""coordinates"":[]}"
130,SR_B6_BLFEI,0.3281272532098574,"{""type"":""MultiPoint"",""coordinates"":[]}"
131,SR_B6_NDMI,-0.8467366172729742,"{""type"":""MultiPoint"",""coordinates"":[]}"
132,SR_B6_NDSaII,0.32615054757560846,"{""type"":""MultiPoint"",""coordinates"":[]}"
133,SR_B6_ExG,-0.3329025698375367,"{""type"":""MultiPoint"",""coordinates"":[]}"
134,SR_B6_EVI,-0.38221339333311166,"{""type"":""MultiPoint"",""coordinates"":[]}"
135,SR_B6_SR_B2_1,0.5453262884279629,"{""type"":""MultiPoint"",""coordinates"":[]}"
136,SR_B6_SR_B3_1,0.5884690974149529,"{""type"":""MultiPoint"",""coordinates"":[]}"
137,SR_B6_SR_B4_1,0.5463790100390249,"{""type"":""MultiPoint"",""coordinates"":[]}"
138,SR_B6_SR_B5_1,0.3912670637092394,"{""type"":""MultiPoint"",""coordinates"":[]}"
139,SR_B6_SR_B6_1,0.6970202731893939,"{""type"":""MultiPoint"",""coordinates"":[]}"
140,SR_B6_SR_B7_1,0.6428689136256193,"{""type"":""MultiPoint"",""coordinates"":[]}"
141,SR_B6_SR_B2_2,0.6301763563834731,"{""type"":""MultiPoint"",""coordinates"":[]}"
142,SR_B6_SR_B3_2,0.665528745981585,"{""type"":""MultiPoint"",""coordinates"":[]}"
143,SR_B6_SR_B4_2,0.6680108538719632,"{""type"":""MultiPoint"",""coordinates"":[]}"
144,SR_B6_SR_B5_2,0.32037770225541884,"{""type"":""MultiPoint"",""coordinates"":[]}"
145,SR_B6_SR_B6_2,0.8298633287731517,"{""type"":""MultiPoint"",""coordinates"":[]}"
146,SR_B6_SR_B7_2,0.7469745221065022,"{""type"":""MultiPoint"",""coordinates"":[]}"
147,SR_B6_pc1,0.3438480779032386,"{""type"":""MultiPoint"",""coordinates"":[]}"
148,SR_B6_pc2,0.683331542305234,"{""type"":""MultiPoint"",""coordinates"":[]}"
149,SR_B6_pc3,0.13829371085952596,"{""type"":""MultiPoint"",""coordinates"":[]}"
150,SR_B7_SR_B2,0.911418228789425,"{""type"":""MultiPoint"",""coordinates"":[]}"
151,SR_B7_SR_B3,0.9005079014838072,"{""type"":""MultiPoint"",""coordinates"":[]}"
152,SR_B7_SR_B4,0.9399292134302296,"{""type"":""MultiPoint"",""coordinates"":[]}"
153,SR_B7_SR_B5,0.2842850334945338,"{""type"":""MultiPoint"",""coordinates"":[]}"
154,SR_B7_SR_B6,0.9623527128486484,"{""type"":""MultiPoint"",""coordinates"":[]}"
155,SR_B7_SR_B7,1.0,"{""type"":""MultiPoint"",""coordinates"":[]}"
156,SR_B7_elevation,-0.34409167456614803,"{""type"":""MultiPoint"",""coordinates"":[]}"
157,SR_B7_slope,-0.3021504005950683,"{""type"":""MultiPoint"",""coordinates"":[]}"
158,SR_B7_NDBI,0.8740546456126932,"{""type"":""MultiPoint"",""coordinates"":[]}"
159,SR_B7_NDVI,-0.800985991525917,"{""type"":""MultiPoint"",""coordinates"":[]}"
160,SR_B7_BLFEI,0.4944366802503135,"{""type"":""MultiPoint"",""coordinates"":[]}"
161,SR_B7_NDMI,-0.8740546456126932,"{""type"":""MultiPoint"",""coordinates"":[]}"
162,SR_B7_NDSaII,0.4737991900632393,"{""type"":""MultiPoint"",""coordinates"":[]}"
163,SR_B7_ExG,-0.3710027217070319,"{""type"":""MultiPoint"",""coordinates"":[]}"
164,SR_B7_EVI,-0.5468943152764695,"{""type"":""MultiPoint"",""coordinates"":[]}"
165,SR_B7_SR_B2_1,0.6161708343809325,"{""type"":""MultiPoint"",""coordinates"":[]}"
166,SR_B7_SR_B3_1,0.6577151335835326,"{""type"":""MultiPoint"",""coordinates"":[]}"
167,SR_B7_SR_B4_1,0.6152899512104765,"{""type"":""MultiPoint"",""coordinates"":[]}"
168,SR_B7_SR_B5_1,0.2921189710550709,"{""type"":""MultiPoint"",""coordinates"":[]}"
169,SR_B7_SR_B6_1,0.6742570156691102,"{""type"":""MultiPoint"",""coordinates"":[]}"
170,SR_B7_SR_B7_1,0.671692131750408,"{""type"":""MultiPoint"",""coordinates"":[]}"
171,SR_B7_SR_B2_2,0.712171924946599,"{""type"":""MultiPoint"",""coordinates"":[]}"
172,SR_B7_SR_B3_2,0.7374737778363748,"{""type"":""MultiPoint"",""coordinates"":[]}"
173,SR_B7_SR_B4_2,0.7415479333622049,"{""type"":""MultiPoint"",""coordinates"":[]}"
174,SR_B7_SR_B5_2,0.152059606367138,"{""type"":""MultiPoint"",""coordinates"":[]}"
175,SR_B7_SR_B6_2,0.8017491858129399,"{""type"":""MultiPoint"",""coordinates"":[]}"
176,SR_B7_SR_B7_2,0.7851305123125129,"{""type"":""MultiPoint"",""coordinates"":[]}"
177,SR_B7_pc1,0.3802606301786665,"{""type"":""MultiPoint"",""coordinates"":[]}"
178,SR_B7_pc2,0.707008379545285,"{""type"":""MultiPoint"",""coordinates"":[]}"
179,SR_B7_pc3,0.12739403136024538,"{""type"":""MultiPoint"",""coordinates"":[]}"
180,elevation_SR_B2,-0.4030866148929676,"{""type"":""MultiPoint"",""coordinates"":[]}"
181,elevation_SR_B3,-0.4239959125216142,"{""type"":""MultiPoint"",""coordinates"":[]}"
182,elevation_SR_B4,-0.35795144865224954,"{""type"":""MultiPoint"",""coordinates"":[]}"
183,elevation_SR_B5,-0.16670466123143787,"{""type"":""MultiPoint"",""coordinates"":[]}"
184,elevation_SR_B6,-0.35020909755559293,"{""type"":""MultiPoint"",""coordinates"":[]}"
185,elevation_SR_B7,-0.3440916745661481,"{""type"":""MultiPoint"",""coordinates"":[]}"
186,elevation_elevation,1.0,"{""type"":""MultiPoint"",""coordinates"":[]}"
187,elevation_slope,0.6696154557998202,"{""type"":""MultiPoint"",""coordinates"":[]}"
188,elevation_NDBI,-0.30728263993415944,"{""type"":""MultiPoint"",""coordinates"":[]}"
189,elevation_NDVI,0.3283855491788398,"{""type"":""MultiPoint"",""coordinates"":[]}"
190,elevation_BLFEI,-0.29366788076486267,"{""type"":""MultiPoint"",""coordinates"":[]}"
191,elevation_NDMI,0.30728263993415944,"{""type"":""MultiPoint"",""coordinates"":[]}"
192,elevation_NDSaII,-0.2683676569138609,"{""type"":""MultiPoint"",""coordinates"":[]}"
193,elevation_ExG,-0.13523695775033862,"{""type"":""MultiPoint"",""coordinates"":[]}"
194,elevation_EVI,0.14690548657853167,"{""type"":""MultiPoint"",""coordinates"":[]}"
195,elevation_SR_B2_1,-0.26379730581682986,"{""type"":""MultiPoint"",""coordinates"":[]}"
196,elevation_SR_B3_1,-0.2876536674529088,"{""type"":""MultiPoint"",""coordinates"":[]}"
197,elevation_SR_B4_1,-0.19983305579569,"{""type"":""MultiPoint"",""coordinates"":[]}"
198,elevation_SR_B5_1,-0.32410159732123656,"{""type"":""MultiPoint"",""coordinates"":[]}"
199,elevation_SR_B6_1,-0.24382325201773541,"{""type"":""MultiPoint"",""coordinates"":[]}"
200,elevation_SR_B7_1,-0.18577015535102684,"{""type"":""MultiPoint"",""coordinates"":[]}"
201,elevation_SR_B2_2,-0.36318053278882545,"{""type"":""MultiPoint"",""coordinates"":[]}"
202,elevation_SR_B3_2,-0.37203282139648497,"{""type"":""MultiPoint"",""coordinates"":[]}"
203,elevation_SR_B4_2,-0.3582349286003822,"{""type"":""MultiPoint"",""coordinates"":[]}"
204,elevation_SR_B5_2,0.00546815187221109,"{""type"":""MultiPoint"",""coordinates"":[]}"
205,elevation_SR_B6_2,-0.35923521876982634,"{""type"":""MultiPoint"",""coordinates"":[]}"
206,elevation_SR_B7_2,-0.3449564432287142,"{""type"":""MultiPoint"",""coordinates"":[]}"
207,elevation_pc1,-0.03028673689779426,"{""type"":""MultiPoint"",""coordinates"":[]}"
208,elevation_pc2,-0.5590029423708779,"{""type"":""MultiPoint"",""coordinates"":[]}"
209,elevation_pc3,0.11006935087865824,"{""type"":""MultiPoint"",""coordinates"":[]}"
210,slope_SR_B2,-0.3612720908606034,"{""type"":""MultiPoint"",""coordinates"":[]}"
211,slope_SR_B3,-0.37914650112204246,"{""type"":""MultiPoint"",""coordinates"":[]}"
212,slope_SR_B4,-0.3186413836322654,"{""type"":""MultiPoint"",""coordinates"":[]}"
213,slope_SR_B5,-0.18755188123448513,"{""type"":""MultiPoint"",""coordinates"":[]}"
214,slope_SR_B6,-0.2878084341407047,"{""type"":""MultiPoint"",""coordinates"":[]}"
215,slope_SR_B7,-0.3021504005950683,"{""type"":""MultiPoint"",""coordinates"":[]}"
216,slope_elevation,0.6696154557998202,"{""type"":""MultiPoint"",""coordinates"":[]}"
217,slope_slope,1.0,"{""type"":""MultiPoint"",""coordinates"":[]}"
218,slope_NDBI,-0.23823058592630791,"{""type"":""MultiPoint"",""coordinates"":[]}"
219,slope_NDVI,0.2916406418029771,"{""type"":""MultiPoint"",""coordinates"":[]}"
220,slope_BLFEI,-0.2944928519103452,"{""type"":""MultiPoint"",""coordinates"":[]}"
221,slope_NDMI,0.23823058592630791,"{""type"":""MultiPoint"",""coordinates"":[]}"
222,slope_NDSaII,-0.26682392209622635,"{""type"":""MultiPoint"",""coordinates"":[]}"
223,slope_ExG,-0.12388052029974117,"{""type"":""MultiPoint"",""coordinates"":[]}"
224,slope_EVI,0.09840878292278048,"{""type"":""MultiPoint"",""coordinates"":[]}"
225,slope_SR_B2_1,-0.3296054265575541,"{""type"":""MultiPoint"",""coordinates"":[]}"
226,slope_SR_B3_1,-0.34169724860553996,"{""type"":""MultiPoint"",""coordinates"":[]}"
227,slope_SR_B4_1,-0.28124363258322793,"{""type"":""MultiPoint"",""coordinates"":[]}"
228,slope_SR_B5_1,-0.2918299227771615,"{""type"":""MultiPoint"",""coordinates"":[]}"
229,slope_SR_B6_1,-0.27880104915366577,"{""type"":""MultiPoint"",""coordinates"":[]}"
230,slope_SR_B7_1,-0.2527581282272665,"{""type"":""MultiPoint"",""coordinates"":[]}"
231,slope_SR_B2_2,-0.35888536414608085,"{""type"":""MultiPoint"",""coordinates"":[]}"
232,slope_SR_B3_2,-0.37274933380119646,"{""type"":""MultiPoint"",""coordinates"":[]}"
233,slope_SR_B4_2,-0.359269148719829,"{""type"":""MultiPoint"",""coordinates"":[]}"
234,slope_SR_B5_2,0.027641016925975415,"{""type"":""MultiPoint"",""coordinates"":[]}"
235,slope_SR_B6_2,-0.3287211936366465,"{""type"":""MultiPoint"",""coordinates"":[]}"
236,slope_SR_B7_2,-0.337254715939506,"{""type"":""MultiPoint"",""coordinates"":[]}"
237,slope_pc1,-0.2228638163467581,"{""type"":""MultiPoint"",""coordinates"":[]}"
238,slope_pc2,-0.47396110000724495,"{""type"":""MultiPoint"",""coordinates"":[]}"
239,slope_pc3,0.10165499914530353,"{""type"":""MultiPoint"",""coordinates"":[]}"
240,NDBI_SR_B2,0.7769347148161966,"{""type"":""MultiPoint"",""coordinates"":[]}"
241,NDBI_SR_B3,0.7253675753778339,"{""type"":""MultiPoint"",""coordinates"":[]}"
242,NDBI_SR_B4,0.7985033403377708,"{""type"":""MultiPoint"",""coordinates"":[]}"
243,NDBI_SR_B5,-0.08353031801452797,"{""type"":""MultiPoint"",""coordinates"":[]}"
244,NDBI_SR_B6,0.8467366172729742,"{""type"":""MultiPoint"",""coordinates"":[]}"
245,NDBI_SR_B7,0.8740546456126932,"{""type"":""MultiPoint"",""coordinates"":[]}"
246,NDBI_elevation,-0.30728263993415933,"{""type"":""MultiPoint"",""coordinates"":[]}"
247,NDBI_slope,-0.23823058592630786,"{""type"":""MultiPoint"",""coordinates"":[]}"
248,NDBI_NDBI,1.0,"{""type"":""MultiPoint"",""coordinates"":[]}"
249,NDBI_NDVI,-0.8229928217559386,"{""type"":""MultiPoint"",""coordinates"":[]}"
250,NDBI_BLFEI,0.4384316812753787,"{""type"":""MultiPoint"",""coordinates"":[]}"
251,NDBI_NDMI,-1.0,"{""type"":""MultiPoint"",""coordinates"":[]}"
252,NDBI_NDSaII,0.42638844345157845,"{""type"":""MultiPoint"",""coordinates"":[]}"
253,NDBI_ExG,-0.5060992827844427,"{""type"":""MultiPoint"",""coordinates"":[]}"
254,NDBI_EVI,-0.7208880301944123,"{""type"":""MultiPoint"",""coordinates"":[]}"
255,NDBI_SR_B2_1,0.3992667009715399,"{""type"":""MultiPoint"",""coordinates"":[]}"
256,NDBI_SR_B3_1,0.4196813730236526,"{""type"":""MultiPoint"",""coordinates"":[]}"
257,NDBI_SR_B4_1,0.3843246156864827,"{""type"":""MultiPoint"",""coordinates"":[]}"
258,NDBI_SR_B5_1,0.1420796566844307,"{""type"":""MultiPoint"",""coordinates"":[]}"
259,NDBI_SR_B6_1,0.47289466498171195,"{""type"":""MultiPoint"",""coordinates"":[]}"
260,NDBI_SR_B7_1,0.4561693952823123,"{""type"":""MultiPoint"",""coordinates"":[]}"
261,NDBI_SR_B2_2,0.46926772912821746,"{""type"":""MultiPoint"",""coordinates"":[]}"
262,NDBI_SR_B3_2,0.49481004155779934,"{""type"":""MultiPoint"",""coordinates"":[]}"
263,NDBI_SR_B4_2,0.49194702341895374,"{""type"":""MultiPoint"",""coordinates"":[]}"
264,NDBI_SR_B5_2,0.08240957609176557,"{""type"":""MultiPoint"",""coordinates"":[]}"
265,NDBI_SR_B6_2,0.5747501977380457,"{""type"":""MultiPoint"",""coordinates"":[]}"
266,NDBI_SR_B7_2,0.5306767896234958,"{""type"":""MultiPoint"",""coordinates"":[]}"
267,NDBI_pc1,0.2603480263434748,"{""type"":""MultiPoint"",""coordinates"":[]}"
268,NDBI_pc2,0.586867356941701,"{""type"":""MultiPoint"",""coordinates"":[]}"
269,NDBI_pc3,0.2873941244124953,"{""type"":""MultiPoint"",""coordinates"":[]}"
270,NDVI_SR_B2,-0.8775339600384414,"{""type"":""MultiPoint"",""coordinates"":[]}"
271,NDVI_SR_B3,-0.8578070384460189,"{""type"":""MultiPoint"",""coordinates"":[]}"
272,NDVI_SR_B4,-0.8946453727622958,"{""type"":""MultiPoint"",""coordinates"":[]}"
273,NDVI_SR_B5,0.13768937641089007,"{""type"":""MultiPoint"",""coordinates"":[]}"
274,NDVI_SR_B6,-0.6841545148372656,"{""type"":""MultiPoint"",""coordinates"":[]}"
275,NDVI_SR_B7,-0.800985991525917,"{""type"":""MultiPoint"",""coordinates"":[]}"
276,NDVI_elevation,0.3283855491788398,"{""type"":""MultiPoint"",""coordinates"":[]}"
277,NDVI_slope,0.29164064180297716,"{""type"":""MultiPoint"",""coordinates"":[]}"
278,NDVI_NDBI,-0.8229928217559386,"{""type"":""MultiPoint"",""coordinates"":[]}"
279,NDVI_NDVI,1.0,"{""type"":""MultiPoint"",""coordinates"":[]}"
280,NDVI_BLFEI,-0.8545162099299162,"{""type"":""MultiPoint"",""coordinates"":[]}"
281,NDVI_NDMI,0.8229928217559386,"{""type"":""MultiPoint"",""coordinates"":[]}"
282,NDVI_NDSaII,-0.8553864066820998,"{""type"":""MultiPoint"",""coordinates"":[]}"
283,NDVI_ExG,0.3685005543245916,"{""type"":""MultiPoint"",""coordinates"":[]}"
284,NDVI_EVI,0.8574510670047699,"{""type"":""MultiPoint"",""coordinates"":[]}"
285,NDVI_SR_B2_1,-0.5821414627771285,"{""type"":""MultiPoint"",""coordinates"":[]}"
286,NDVI_SR_B3_1,-0.6097771920586897,"{""type"":""MultiPoint"",""coordinates"":[]}"
287,NDVI_SR_B4_1,-0.5689929450156747,"{""type"":""MultiPoint"",""coordinates"":[]}"
288,NDVI_SR_B5_1,0.03029606439571649,"{""type"":""MultiPoint"",""coordinates"":[]}"
289,NDVI_SR_B6_1,-0.4081223747034082,"{""type"":""MultiPoint"",""coordinates"":[]}"
290,NDVI_SR_B7_1,-0.48529379284028684,"{""type"":""MultiPoint"",""coordinates"":[]}"
291,NDVI_SR_B2_2,-0.6708227253792799,"{""type"":""MultiPoint"",""coordinates"":[]}"
292,NDVI_SR_B3_2,-0.6898759688624642,"{""type"":""MultiPoint"",""coordinates"":[]}"
293,NDVI_SR_B4_2,-0.6844303512387186,"{""type"":""MultiPoint"",""coordinates"":[]}"
294,NDVI_SR_B5_2,0.2177135825759049,"{""type"":""MultiPoint"",""coordinates"":[]}"
295,NDVI_SR_B6_2,-0.5219691310181795,"{""type"":""MultiPoint"",""coordinates"":[]}"
296,NDVI_SR_B7_2,-0.5964522984209516,"{""type"":""MultiPoint"",""coordinates"":[]}"
297,NDVI_pc1,-0.31528157535519225,"{""type"":""MultiPoint"",""coordinates"":[]}"
298,NDVI_pc2,-0.6215776178240391,"{""type"":""MultiPoint"",""coordinates"":[]}"
299,NDVI_pc3,-0.1442980369068848,"{""type"":""MultiPoint"",""coordinates"":[]}"
300,BLFEI_SR_B2,0.6900024669656152,"{""type"":""MultiPoint"",""coordinates"":[]}"
301,BLFEI_SR_B3,0.708347725907942,"{""type"":""MultiPoint"",""coordinates"":[]}"
302,BLFEI_SR_B4,0.6795819926996053,"{""type"":""MultiPoint"",""coordinates"":[]}"
303,BLFEI_SR_B5,-0.17656493866517403,"{""type"":""MultiPoint"",""coordinates"":[]}"
304,BLFEI_SR_B6,0.32812725320985753,"{""type"":""MultiPoint"",""coordinates"":[]}"
305,BLFEI_SR_B7,0.49443668025031345,"{""type"":""MultiPoint"",""coordinates"":[]}"
306,BLFEI_elevation,-0.2936678807648627,"{""type"":""MultiPoint"",""coordinates"":[]}"
307,BLFEI_slope,-0.2944928519103451,"{""type"":""MultiPoint"",""coordinates"":[]}"
308,BLFEI_NDBI,0.4384316812753788,"{""type"":""MultiPoint"",""coordinates"":[]}"
309,BLFEI_NDVI,-0.8545162099299162,"{""type"":""MultiPoint"",""coordinates"":[]}"
310,BLFEI_BLFEI,1.0,"{""type"":""MultiPoint"",""coordinates"":[]}"
311,BLFEI_NDMI,-0.4384316812753788,"{""type"":""MultiPoint"",""coordinates"":[]}"
312,BLFEI_NDSaII,0.9796851900020395,"{""type"":""MultiPoint"",""coordinates"":[]}"
313,BLFEI_ExG,-0.057072794222996846,"{""type"":""MultiPoint"",""coordinates"":[]}"
314,BLFEI_EVI,-0.7193155523255983,"{""type"":""MultiPoint"",""coordinates"":[]}"
315,BLFEI_SR_B2_1,0.5703316107350476,"{""type"":""MultiPoint"",""coordinates"":[]}"
316,BLFEI_SR_B3_1,0.5874182382128605,"{""type"":""MultiPoint"",""coordinates"":[]}"
317,BLFEI_SR_B4_1,0.5529708932619822,"{""type"":""MultiPoint"",""coordinates"":[]}"
318,BLFEI_SR_B5_1,-0.16800157433583446,"{""type"":""MultiPoint"",""coordinates"":[]}"
319,BLFEI_SR_B6_1,0.24190603068201585,"{""type"":""MultiPoint"",""coordinates"":[]}"
320,BLFEI_SR_B7_1,0.37373482086532017,"{""type"":""MultiPoint"",""coordinates"":[]}"
321,BLFEI_SR_B2_2,0.637942415140186,"{""type"":""MultiPoint"",""coordinates"":[]}"
322,BLFEI_SR_B3_2,0.6469396435423613,"{""type"":""MultiPoint"",""coordinates"":[]}"
323,BLFEI_SR_B4_2,0.633600131008767,"{""type"":""MultiPoint"",""coordinates"":[]}"
324,BLFEI_SR_B5_2,-0.4314656963625127,"{""type"":""MultiPoint"",""coordinates"":[]}"
325,BLFEI_SR_B6_2,0.3242187355860003,"{""type"":""MultiPoint"",""coordinates"":[]}"
326,BLFEI_SR_B7_2,0.47818138158243256,"{""type"":""MultiPoint"",""coordinates"":[]}"
327,BLFEI_pc1,0.2776324096455993,"{""type"":""MultiPoint"",""coordinates"":[]}"
328,BLFEI_pc2,0.48843591548892,"{""type"":""MultiPoint"",""coordinates"":[]}"
329,BLFEI_pc3,-0.05493268970742753,"{""type"":""MultiPoint"",""coordinates"":[]}"
330,NDMI_SR_B2,-0.7769347148161966,"{""type"":""MultiPoint"",""coordinates"":[]}"
331,NDMI_SR_B3,-0.7253675753778339,"{""type"":""MultiPoint"",""coordinates"":[]}"
332,NDMI_SR_B4,-0.7985033403377708,"{""type"":""MultiPoint"",""coordinates"":[]}"
333,NDMI_SR_B5,0.08353031801452797,"{""type"":""MultiPoint"",""coordinates"":[]}"
334,NDMI_SR_B6,-0.8467366172729742,"{""type"":""MultiPoint"",""coordinates"":[]}"
335,NDMI_SR_B7,-0.8740546456126932,"{""type"":""MultiPoint"",""coordinates"":[]}"
336,NDMI_elevation,0.30728263993415933,"{""type"":""MultiPoint"",""coordinates"":[]}"
337,NDMI_slope,0.23823058592630786,"{""type"":""MultiPoint"",""coordinates"":[]}"
338,NDMI_NDBI,-1.0,"{""type"":""MultiPoint"",""coordinates"":[]}"
339,NDMI_NDVI,0.8229928217559386,"{""type"":""MultiPoint"",""coordinates"":[]}"
340,NDMI_BLFEI,-0.4384316812753787,"{""type"":""MultiPoint"",""coordinates"":[]}"
341,NDMI_NDMI,1.0,"{""type"":""MultiPoint"",""coordinates"":[]}"
342,NDMI_NDSaII,-0.42638844345157845,"{""type"":""MultiPoint"",""coordinates"":[]}"
343,NDMI_ExG,0.5060992827844427,"{""type"":""MultiPoint"",""coordinates"":[]}"
344,NDMI_EVI,0.7208880301944123,"{""type"":""MultiPoint"",""coordinates"":[]}"
345,NDMI_SR_B2_1,-0.3992667009715399,"{""type"":""MultiPoint"",""coordinates"":[]}"
346,NDMI_SR_B3_1,-0.4196813730236526,"{""type"":""MultiPoint"",""coordinates"":[]}"
347,NDMI_SR_B4_1,-0.3843246156864827,"{""type"":""MultiPoint"",""coordinates"":[]}"
348,NDMI_SR_B5_1,-0.1420796566844307,"{""type"":""MultiPoint"",""coordinates"":[]}"
349,NDMI_SR_B6_1,-0.47289466498171195,"{""type"":""MultiPoint"",""coordinates"":[]}"
350,NDMI_SR_B7_1,-0.4561693952823123,"{""type"":""MultiPoint"",""coordinates"":[]}"
351,NDMI_SR_B2_2,-0.46926772912821746,"{""type"":""MultiPoint"",""coordinates"":[]}"
352,NDMI_SR_B3_2,-0.49481004155779934,"{""type"":""MultiPoint"",""coordinates"":[]}"
353,NDMI_SR_B4_2,-0.49194702341895374,"{""type"":""MultiPoint"",""coordinates"":[]}"
354,NDMI_SR_B5_2,-0.08240957609176557,"{""type"":""MultiPoint"",""coordinates"":[]}"
355,NDMI_SR_B6_2,-0.5747501977380457,"{""type"":""MultiPoint"",""coordinates"":[]}"
356,NDMI_SR_B7_2,-0.5306767896234958,"{""type"":""MultiPoint"",""coordinates"":[]}"
357,NDMI_pc1,-0.2603480263434748,"{""type"":""MultiPoint"",""coordinates"":[]}"
358,NDMI_pc2,-0.586867356941701,"{""type"":""MultiPoint"",""coordinates"":[]}"
359,NDMI_pc3,-0.2873941244124953,"{""type"":""MultiPoint"",""coordinates"":[]}"
360,NDSaII_SR_B2,0.6809911187575379,"{""type"":""MultiPoint"",""coordinates"":[]}"
361,NDSaII_SR_B3,0.699776546162307,"{""type"":""MultiPoint"",""coordinates"":[]}"
362,NDSaII_SR_B4,0.6898331880452409,"{""type"":""MultiPoint"",""coordinates"":[]}"
363,NDSaII_SR_B5,-0.1527037553702121,"{""type"":""MultiPoint"",""coordinates"":[]}"
364,NDSaII_SR_B6,0.3261505475756086,"{""type"":""MultiPoint"",""coordinates"":[]}"
365,NDSaII_SR_B7,0.4737991900632393,"{""type"":""MultiPoint"",""coordinates"":[]}"
366,NDSaII_elevation,-0.2683676569138609,"{""type"":""MultiPoint"",""coordinates"":[]}"
367,NDSaII_slope,-0.26682392209622635,"{""type"":""MultiPoint"",""coordinates"":[]}"
368,NDSaII_NDBI,0.42638844345157834,"{""type"":""MultiPoint"",""coordinates"":[]}"
369,NDSaII_NDVI,-0.8553864066820998,"{""type"":""MultiPoint"",""coordinates"":[]}"
370,NDSaII_BLFEI,0.9796851900020395,"{""type"":""MultiPoint"",""coordinates"":[]}"
371,NDSaII_NDMI,-0.42638844345157834,"{""type"":""MultiPoint"",""coordinates"":[]}"
372,NDSaII_NDSaII,1.0,"{""type"":""MultiPoint"",""coordinates"":[]}"
373,NDSaII_ExG,-0.11228887627562743,"{""type"":""MultiPoint"",""coordinates"":[]}"
374,NDSaII_EVI,-0.7150261225131073,"{""type"":""MultiPoint"",""coordinates"":[]}"
375,NDSaII_SR_B2_1,0.5616821646542741,"{""type"":""MultiPoint"",""coordinates"":[]}"
376,NDSaII_SR_B3_1,0.5835053020447621,"{""type"":""MultiPoint"",""coordinates"":[]}"
377,NDSaII_SR_B4_1,0.5512057332493813,"{""type"":""MultiPoint"",""coordinates"":[]}"
378,NDSaII_SR_B5_1,-0.16291279158931551,"{""type"":""MultiPoint"",""coordinates"":[]}"
379,NDSaII_SR_B6_1,0.23354569173905304,"{""type"":""MultiPoint"",""coordinates"":[]}"
380,NDSaII_SR_B7_1,0.3595352223618847,"{""type"":""MultiPoint"",""coordinates"":[]}"
381,NDSaII_SR_B2_2,0.6212160529067011,"{""type"":""MultiPoint"",""coordinates"":[]}"
382,NDSaII_SR_B3_2,0.6345694855963353,"{""type"":""MultiPoint"",""coordinates"":[]}"
383,NDSaII_SR_B4_2,0.623815709824226,"{""type"":""MultiPoint"",""coordinates"":[]}"
384,NDSaII_SR_B5_2,-0.39991574364844795,"{""type"":""MultiPoint"",""coordinates"":[]}"
385,NDSaII_SR_B6_2,0.3119980493453343,"{""type"":""MultiPoint"",""coordinates"":[]}"
386,NDSaII_SR_B7_2,0.4551095526258261,"{""type"":""MultiPoint"",""coordinates"":[]}"
387,NDSaII_pc1,0.27928718533936964,"{""type"":""MultiPoint"",""coordinates"":[]}"
388,NDSaII_pc2,0.47564428571793266,"{""type"":""MultiPoint"",""coordinates"":[]}"
389,NDSaII_pc3,-0.02762142480761939,"{""type"":""MultiPoint"",""coordinates"":[]}"
390,ExG_SR_B2,-0.3063714245943119,"{""type"":""MultiPoint"",""coordinates"":[]}"
391,ExG_SR_B3,-0.1122335978373303,"{""type"":""MultiPoint"",""coordinates"":[]}"
392,ExG_SR_B4,-0.310029469878733,"{""type"":""MultiPoint"",""coordinates"":[]}"
393,ExG_SR_B5,0.30231049355552475,"{""type"":""MultiPoint"",""coordinates"":[]}"
394,ExG_SR_B6,-0.33290256983753663,"{""type"":""MultiPoint"",""coordinates"":[]}"
395,ExG_SR_B7,-0.371002721707032,"{""type"":""MultiPoint"",""coordinates"":[]}"
396,ExG_elevation,-0.13523695775033864,"{""type"":""MultiPoint"",""coordinates"":[]}"
397,ExG_slope,-0.12388052029974045,"{""type"":""MultiPoint"",""coordinates"":[]}"
398,ExG_NDBI,-0.5060992827844428,"{""type"":""MultiPoint"",""coordinates"":[]}"
399,ExG_NDVI,0.3685005543245916,"{""type"":""MultiPoint"",""coordinates"":[]}"
400,ExG_BLFEI,-0.057072794222996756,"{""type"":""MultiPoint"",""coordinates"":[]}"
401,ExG_NDMI,0.5060992827844428,"{""type"":""MultiPoint"",""coordinates"":[]}"
402,ExG_NDSaII,-0.11228887627562807,"{""type"":""MultiPoint"",""coordinates"":[]}"
403,ExG_ExG,1.0,"{""type"":""MultiPoint"",""coordinates"":[]}"
404,ExG_EVI,0.4807849597020594,"{""type"":""MultiPoint"",""coordinates"":[]}"
405,ExG_SR_B2_1,-0.03520358365659574,"{""type"":""MultiPoint"",""coordinates"":[]}"
406,ExG_SR_B3_1,0.00405273854474004,"{""type"":""MultiPoint"",""coordinates"":[]}"
407,ExG_SR_B4_1,-0.007052294226855681,"{""type"":""MultiPoint"",""coordinates"":[]}"
408,ExG_SR_B5_1,0.06045646597685277,"{""type"":""MultiPoint"",""coordinates"":[]}"
409,ExG_SR_B6_1,-0.06360170836914872,"{""type"":""MultiPoint"",""coordinates"":[]}"
410,ExG_SR_B7_1,-0.07338533840833993,"{""type"":""MultiPoint"",""coordinates"":[]}"
411,ExG_SR_B2_2,-0.003932070989418181,"{""type"":""MultiPoint"",""coordinates"":[]}"
412,ExG_SR_B3_2,0.030897009792638975,"{""type"":""MultiPoint"",""coordinates"":[]}"
413,ExG_SR_B4_2,0.007378604747800366,"{""type"":""MultiPoint"",""coordinates"":[]}"
414,ExG_SR_B5_2,-0.04159902450251631,"{""type"":""MultiPoint"",""coordinates"":[]}"
415,ExG_SR_B6_2,-0.06028366008381755,"{""type"":""MultiPoint"",""coordinates"":[]}"
416,ExG_SR_B7_2,-0.02423411076100326,"{""type"":""MultiPoint"",""coordinates"":[]}"
417,ExG_pc1,-0.0668486902830727,"{""type"":""MultiPoint"",""coordinates"":[]}"
418,ExG_pc2,-0.06991453593496488,"{""type"":""MultiPoint"",""coordinates"":[]}"
419,ExG_pc3,-0.36830389232625055,"{""type"":""MultiPoint"",""coordinates"":[]}"
420,EVI_SR_B2,-0.611361111586315,"{""type"":""MultiPoint"",""coordinates"":[]}"
421,EVI_SR_B3,-0.5627070018562654,"{""type"":""MultiPoint"",""coordinates"":[]}"
422,EVI_SR_B4,-0.6427706321535581,"{""type"":""MultiPoint"",""coordinates"":[]}"
423,EVI_SR_B5,0.5881823544024675,"{""type"":""MultiPoint"",""coordinates"":[]}"
424,EVI_SR_B6,-0.38221339333311166,"{""type"":""MultiPoint"",""coordinates"":[]}"
425,EVI_SR_B7,-0.5468943152764696,"{""type"":""MultiPoint"",""coordinates"":[]}"
426,EVI_elevation,0.14690548657853159,"{""type"":""MultiPoint"",""coordinates"":[]}"
427,EVI_slope,0.09840878292278019,"{""type"":""MultiPoint"",""coordinates"":[]}"
428,EVI_NDBI,-0.7208880301944123,"{""type"":""MultiPoint"",""coordinates"":[]}"
429,EVI_NDVI,0.8574510670047699,"{""type"":""MultiPoint"",""coordinates"":[]}"
430,EVI_BLFEI,-0.7193155523255983,"{""type"":""MultiPoint"",""coordinates"":[]}"
431,EVI_NDMI,0.7208880301944123,"{""type"":""MultiPoint"",""coordinates"":[]}"
432,EVI_NDSaII,-0.7150261225131072,"{""type"":""MultiPoint"",""coordinates"":[]}"
433,EVI_ExG,0.4807849597020593,"{""type"":""MultiPoint"",""coordinates"":[]}"
434,EVI_EVI,1.0,"{""type"":""MultiPoint"",""coordinates"":[]}"
435,EVI_SR_B2_1,-0.2866365568401544,"{""type"":""MultiPoint"",""coordinates"":[]}"
436,EVI_SR_B3_1,-0.31238929881903776,"{""type"":""MultiPoint"",""coordinates"":[]}"
437,EVI_SR_B4_1,-0.28949665139167235,"{""type"":""MultiPoint"",""coordinates"":[]}"
438,EVI_SR_B5_1,0.24769669326699012,"{""type"":""MultiPoint"",""coordinates"":[]}"
439,EVI_SR_B6_1,-0.10547297871656017,"{""type"":""MultiPoint"",""coordinates"":[]}"
440,EVI_SR_B7_1,-0.20205648395395573,"{""type"":""MultiPoint"",""coordinates"":[]}"
441,EVI_SR_B2_2,-0.35202175869822083,"{""type"":""MultiPoint"",""coordinates"":[]}"
442,EVI_SR_B3_2,-0.35989429873793966,"{""type"":""MultiPoint"",""coordinates"":[]}"
443,EVI_SR_B4_2,-0.37020836177687033,"{""type"":""MultiPoint"",""coordinates"":[]}"
444,EVI_SR_B5_2,0.4341319390519388,"{""type"":""MultiPoint"",""coordinates"":[]}"
445,EVI_SR_B6_2,-0.14646949683266258,"{""type"":""MultiPoint"",""coordinates"":[]}"
446,EVI_SR_B7_2,-0.26179028048291486,"{""type"":""MultiPoint"",""coordinates"":[]}"
447,EVI_pc1,-0.12869114778499313,"{""type"":""MultiPoint"",""coordinates"":[]}"
448,EVI_pc2,-0.32853497518725344,"{""type"":""MultiPoint"",""coordinates"":[]}"
449,EVI_pc3,-0.24588129799755531,"{""type"":""MultiPoint"",""coordinates"":[]}"
450,SR_B2_1_SR_B2,0.7223169219072376,"{""type"":""MultiPoint"",""coordinates"":[]}"
451,SR_B2_1_SR_B3,0.7336592733815523,"{""type"":""MultiPoint"",""coordinates"":[]}"
452,SR_B2_1_SR_B4,0.691545621065493,"{""type"":""MultiPoint"",""coordinates"":[]}"
453,SR_B2_1_SR_B5,0.3492840243485313,"{""type"":""MultiPoint"",""coordinates"":[]}"
454,SR_B2_1_SR_B6,0.5453262884279629,"{""type"":""MultiPoint"",""coordinates"":[]}"
455,SR_B2_1_SR_B7,0.6161708343809325,"{""type"":""MultiPoint"",""coordinates"":[]}"
456,SR_B2_1_elevation,-0.26379730581682975,"{""type"":""MultiPoint"",""coordinates"":[]}"
457,SR_B2_1_slope,-0.32960542655755415,"{""type"":""MultiPoint"",""coordinates"":[]}"
458,SR_B2_1_NDBI,0.3992667009715399,"{""type"":""MultiPoint"",""coordinates"":[]}"
459,SR_B2_1_NDVI,-0.5821414627771286,"{""type"":""MultiPoint"",""coordinates"":[]}"
460,SR_B2_1_BLFEI,0.5703316107350476,"{""type"":""MultiPoint"",""coordinates"":[]}"
461,SR_B2_1_NDMI,-0.3992667009715399,"{""type"":""MultiPoint"",""coordinates"":[]}"
462,SR_B2_1_NDSaII,0.5616821646542741,"{""type"":""MultiPoint"",""coordinates"":[]}"
463,SR_B2_1_ExG,-0.03520358365659662,"{""type"":""MultiPoint"",""coordinates"":[]}"
464,SR_B2_1_EVI,-0.2866365568401543,"{""type"":""MultiPoint"",""coordinates"":[]}"
465,SR_B2_1_SR_B2_1,1.0,"{""type"":""MultiPoint"",""coordinates"":[]}"
466,SR_B2_1_SR_B3_1,0.9622199453866745,"{""type"":""MultiPoint"",""coordinates"":[]}"
467,SR_B2_1_SR_B4_1,0.9578827474240882,"{""type"":""MultiPoint"",""coordinates"":[]}"
468,SR_B2_1_SR_B5_1,0.10004539876248374,"{""type"":""MultiPoint"",""coordinates"":[]}"
469,SR_B2_1_SR_B6_1,0.80974194454596,"{""type"":""MultiPoint"",""coordinates"":[]}"
470,SR_B2_1_SR_B7_1,0.8928422911329287,"{""type"":""MultiPoint"",""coordinates"":[]}"
471,SR_B2_1_SR_B2_2,0.8142607340860344,"{""type"":""MultiPoint"",""coordinates"":[]}"
472,SR_B2_1_SR_B3_2,0.8047310789098431,"{""type"":""MultiPoint"",""coordinates"":[]}"
473,SR_B2_1_SR_B4_2,0.8045933888182194,"{""type"":""MultiPoint"",""coordinates"":[]}"
474,SR_B2_1_SR_B5_2,-0.06036758038418696,"{""type"":""MultiPoint"",""coordinates"":[]}"
475,SR_B2_1_SR_B6_2,0.6801772536792341,"{""type"":""MultiPoint"",""coordinates"":[]}"
476,SR_B2_1_SR_B7_2,0.7588098413375811,"{""type"":""MultiPoint"",""coordinates"":[]}"
477,SR_B2_1_pc1,0.6609188593712244,"{""type"":""MultiPoint"",""coordinates"":[]}"
478,SR_B2_1_pc2,0.5573098317501937,"{""type"":""MultiPoint"",""coordinates"":[]}"
479,SR_B2_1_pc3,-0.20349670296950872,"{""type"":""MultiPoint"",""coordinates"":[]}"
480,SR_B3_1_SR_B2,0.7349146526643336,"{""type"":""MultiPoint"",""coordinates"":[]}"
481,SR_B3_1_SR_B3,0.7801995367226332,"{""type"":""MultiPoint"",""coordinates"":[]}"
482,SR_B3_1_SR_B4,0.7419067588039094,"{""type"":""MultiPoint"",""coordinates"":[]}"
483,SR_B3_1_SR_B5,0.3821832057458338,"{""type"":""MultiPoint"",""coordinates"":[]}"
484,SR_B3_1_SR_B6,0.5884690974149529,"{""type"":""MultiPoint"",""coordinates"":[]}"
485,SR_B3_1_SR_B7,0.6577151335835326,"{""type"":""MultiPoint"",""coordinates"":[]}"
486,SR_B3_1_elevation,-0.28765366745290877,"{""type"":""MultiPoint"",""coordinates"":[]}"
487,SR_B3_1_slope,-0.34169724860553996,"{""type"":""MultiPoint"",""coordinates"":[]}"
488,SR_B3_1_NDBI,0.41968137302365266,"{""type"":""MultiPoint"",""coordinates"":[]}"
489,SR_B3_1_NDVI,-0.6097771920586899,"{""type"":""MultiPoint"",""coordinates"":[]}"
490,SR_B3_1_BLFEI,0.5874182382128604,"{""type"":""MultiPoint"",""coordinates"":[]}"
491,SR_B3_1_NDMI,-0.41968137302365266,"{""type"":""MultiPoint"",""coordinates"":[]}"
492,SR_B3_1_NDSaII,0.583505302044762,"{""type"":""MultiPoint"",""coordinates"":[]}"
493,SR_B3_1_ExG,0.0040527385447446185,"{""type"":""MultiPoint"",""coordinates"":[]}"
494,SR_B3_1_EVI,-0.31238929881903776,"{""type"":""MultiPoint"",""coordinates"":[]}"
495,SR_B3_1_SR_B2_1,0.9622199453866745,"{""type"":""MultiPoint"",""coordinates"":[]}"
496,SR_B3_1_SR_B3_1,1.0,"{""type"":""MultiPoint"",""coordinates"":[]}"
497,SR_B3_1_SR_B4_1,0.9737445845868149,"{""type"":""MultiPoint"",""coordinates"":[]}"
498,SR_B3_1_SR_B5_1,0.17708425232456448,"{""type"":""MultiPoint"",""coordinates"":[]}"
499,SR_B3_1_SR_B6_1,0.8279665639971173,"{""type"":""MultiPoint"",""coordinates"":[]}"
500,SR_B3_1_SR_B7_1,0.8945725426017517,"{""type"":""MultiPoint"",""coordinates"":[]}"
501,SR_B3_1_SR_B2_2,0.8286983272515429,"{""type"":""MultiPoint"",""coordinates"":[]}"
502,SR_B3_1_SR_B3_2,0.845432140559435,"{""type"":""MultiPoint"",""coordinates"":[]}"
503,SR_B3_1_SR_B4_2,0.8517317349739372,"{""type"":""MultiPoint"",""coordinates"":[]}"
504,SR_B3_1_SR_B5_2,-0.05577563125715654,"{""type"":""MultiPoint"",""coordinates"":[]}"
505,SR_B3_1_SR_B6_2,0.716875358717523,"{""type"":""MultiPoint"",""coordinates"":[]}"
506,SR_B3_1_SR_B7_2,0.7996103641581108,"{""type"":""MultiPoint"",""coordinates"":[]}"
507,SR_B3_1_pc1,0.6306386216049613,"{""type"":""MultiPoint"",""coordinates"":[]}"
508,SR_B3_1_pc2,0.5881214556543378,"{""type"":""MultiPoint"",""coordinates"":[]}"
509,SR_B3_1_pc3,-0.19844588643132186,"{""type"":""MultiPoint"",""coordinates"":[]}"
510,SR_B4_1_SR_B2,0.675877404170473,"{""type"":""MultiPoint"",""coordinates"":[]}"
511,SR_B4_1_SR_B3,0.7232457481139647,"{""type"":""MultiPoint"",""coordinates"":[]}"
512,SR_B4_1_SR_B4,0.6944728290177149,"{""type"":""MultiPoint"",""coordinates"":[]}"
513,SR_B4_1_SR_B5,0.3679586671088243,"{""type"":""MultiPoint"",""coordinates"":[]}"
514,SR_B4_1_SR_B6,0.5463790100390249,"{""type"":""MultiPoint"",""coordinates"":[]}"
515,SR_B4_1_SR_B7,0.6152899512104765,"{""type"":""MultiPoint"",""coordinates"":[]}"
516,SR_B4_1_elevation,-0.19983305579569008,"{""type"":""MultiPoint"",""coordinates"":[]}"
517,SR_B4_1_slope,-0.2812436325832276,"{""type"":""MultiPoint"",""coordinates"":[]}"
518,SR_B4_1_NDBI,0.38432461568648274,"{""type"":""MultiPoint"",""coordinates"":[]}"
519,SR_B4_1_NDVI,-0.5689929450156747,"{""type"":""MultiPoint"",""coordinates"":[]}"
520,SR_B4_1_BLFEI,0.5529708932619822,"{""type"":""MultiPoint"",""coordinates"":[]}"
521,SR_B4_1_NDMI,-0.38432461568648274,"{""type"":""MultiPoint"",""coordinates"":[]}"
522,SR_B4_1_NDSaII,0.5512057332493813,"{""type"":""MultiPoint"",""coordinates"":[]}"
523,SR_B4_1_ExG,-0.007052294226853892,"{""type"":""MultiPoint"",""coordinates"":[]}"
524,SR_B4_1_EVI,-0.2894966513916723,"{""type"":""MultiPoint"",""coordinates"":[]}"
525,SR_B4_1_SR_B2_1,0.9578827474240882,"{""type"":""MultiPoint"",""coordinates"":[]}"
526,SR_B4_1_SR_B3_1,0.9737445845868149,"{""type"":""MultiPoint"",""coordinates"":[]}"
527,SR_B4_1_SR_B4_1,0.9999999999999999,"{""type"":""MultiPoint"",""coordinates"":[]}"
528,SR_B4_1_SR_B5_1,0.07607309298116857,"{""type"":""MultiPoint"",""coordinates"":[]}"
529,SR_B4_1_SR_B6_1,0.8440189860014005,"{""type"":""MultiPoint"",""coordinates"":[]}"
530,SR_B4_1_SR_B7_1,0.9291349669035411,"{""type"":""MultiPoint"",""coordinates"":[]}"
531,SR_B4_1_SR_B2_2,0.7843295746657437,"{""type"":""MultiPoint"",""coordinates"":[]}"
532,SR_B4_1_SR_B3_2,0.8017531845083222,"{""type"":""MultiPoint"",""coordinates"":[]}"
533,SR_B4_1_SR_B4_2,0.8173617002194038,"{""type"":""MultiPoint"",""coordinates"":[]}"
534,SR_B4_1_SR_B5_2,-0.06056741291107389,"{""type"":""MultiPoint"",""coordinates"":[]}"
535,SR_B4_1_SR_B6_2,0.6887371391822209,"{""type"":""MultiPoint"",""coordinates"":[]}"
536,SR_B4_1_SR_B7_2,0.77079485393874,"{""type"":""MultiPoint"",""coordinates"":[]}"
537,SR_B4_1_pc1,0.6834124057187133,"{""type"":""MultiPoint"",""coordinates"":[]}"
538,SR_B4_1_pc2,0.5311954656986269,"{""type"":""MultiPoint"",""coordinates"":[]}"
539,SR_B4_1_pc3,-0.2090386868520998,"{""type"":""MultiPoint"",""coordinates"":[]}"
540,SR_B5_1_SR_B2,0.18779223996279876,"{""type"":""MultiPoint"",""coordinates"":[]}"
541,SR_B5_1_SR_B3,0.21665401188551872,"{""type"":""MultiPoint"",""coordinates"":[]}"
542,SR_B5_1_SR_B4,0.19659500859579834,"{""type"":""MultiPoint"",""coordinates"":[]}"
543,SR_B5_1_SR_B5,0.5075448278721368,"{""type"":""MultiPoint"",""coordinates"":[]}"
544,SR_B5_1_SR_B6,0.3912670637092394,"{""type"":""MultiPoint"",""coordinates"":[]}"
545,SR_B5_1_SR_B7,0.2921189710550709,"{""type"":""MultiPoint"",""coordinates"":[]}"
546,SR_B5_1_elevation,-0.3241015973212365,"{""type"":""MultiPoint"",""coordinates"":[]}"
547,SR_B5_1_slope,-0.29182992277716163,"{""type"":""MultiPoint"",""coordinates"":[]}"
548,SR_B5_1_NDBI,0.14207965668443034,"{""type"":""MultiPoint"",""coordinates"":[]}"
549,SR_B5_1_NDVI,0.030296064395716683,"{""type"":""MultiPoint"",""coordinates"":[]}"
550,SR_B5_1_BLFEI,-0.1680015743358344,"{""type"":""MultiPoint"",""coordinates"":[]}"
551,SR_B5_1_NDMI,-0.14207965668443034,"{""type"":""MultiPoint"",""coordinates"":[]}"
552,SR_B5_1_NDSaII,-0.16291279158931515,"{""type"":""MultiPoint"",""coordinates"":[]}"
553,SR_B5_1_ExG,0.06045646597685263,"{""type"":""MultiPoint"",""coordinates"":[]}"
554,SR_B5_1_EVI,0.24769669326699,"{""type"":""MultiPoint"",""coordinates"":[]}"
555,SR_B5_1_SR_B2_1,0.10004539876248345,"{""type"":""MultiPoint"",""coordinates"":[]}"
556,SR_B5_1_SR_B3_1,0.17708425232456423,"{""type"":""MultiPoint"",""coordinates"":[]}"
557,SR_B5_1_SR_B4_1,0.07607309298116856,"{""type"":""MultiPoint"",""coordinates"":[]}"
558,SR_B5_1_SR_B5_1,1.0,"{""type"":""MultiPoint"",""coordinates"":[]}"
559,SR_B5_1_SR_B6_1,0.3762909850094308,"{""type"":""MultiPoint"",""coordinates"":[]}"
560,SR_B5_1_SR_B7_1,0.17506120336260586,"{""type"":""MultiPoint"",""coordinates"":[]}"
561,SR_B5_1_SR_B2_2,0.15916207626450274,"{""type"":""MultiPoint"",""coordinates"":[]}"
562,SR_B5_1_SR_B3_2,0.17817787141056837,"{""type"":""MultiPoint"",""coordinates"":[]}"
563,SR_B5_1_SR_B4_2,0.17279202098818436,"{""type"":""MultiPoint"",""coordinates"":[]}"
564,SR_B5_1_SR_B5_2,0.43146281938217224,"{""type"":""MultiPoint"",""coordinates"":[]}"
565,SR_B5_1_SR_B6_2,0.39730582315424157,"{""type"":""MultiPoint"",""coordinates"":[]}"
566,SR_B5_1_SR_B7_2,0.28539798733696375,"{""type"":""MultiPoint"",""coordinates"":[]}"
567,SR_B5_1_pc1,0.10878058855973376,"{""type"":""MultiPoint"",""coordinates"":[]}"
568,SR_B5_1_pc2,0.33703870069040304,"{""type"":""MultiPoint"",""coordinates"":[]}"
569,SR_B5_1_pc3,-0.060600663665010775,"{""type"":""MultiPoint"",""coordinates"":[]}"
570,SR_B6_1_SR_B2,0.5846114893280066,"{""type"":""MultiPoint"",""coordinates"":[]}"
571,SR_B6_1_SR_B3,0.6224663905592637,"{""type"":""MultiPoint"",""coordinates"":[]}"
572,SR_B6_1_SR_B4,0.6145603540021152,"{""type"":""MultiPoint"",""coordinates"":[]}"
573,SR_B6_1_SR_B5,0.516884958015823,"{""type"":""MultiPoint"",""coordinates"":[]}"
574,SR_B6_1_SR_B6,0.6970202731893939,"{""type"":""MultiPoint"",""coordinates"":[]}"
575,SR_B6_1_SR_B7,0.6742570156691102,"{""type"":""MultiPoint"",""coordinates"":[]}"
576,SR_B6_1_elevation,-0.24382325201773547,"{""type"":""MultiPoint"",""coordinates"":[]}"
577,SR_B6_1_slope,-0.278801049153666,"{""type"":""MultiPoint"",""coordinates"":[]}"
578,SR_B6_1_NDBI,0.47289466498171195,"{""type"":""MultiPoint"",""coordinates"":[]}"
579,SR_B6_1_NDVI,-0.4081223747034082,"{""type"":""MultiPoint"",""coordinates"":[]}"
580,SR_B6_1_BLFEI,0.24190603068201572,"{""type"":""MultiPoint"",""coordinates"":[]}"
581,SR_B6_1_NDMI,-0.47289466498171195,"{""type"":""MultiPoint"",""coordinates"":[]}"
582,SR_B6_1_NDSaII,0.2335456917390531,"{""type"":""MultiPoint"",""coordinates"":[]}"
583,SR_B6_1_ExG,-0.06360170836914937,"{""type"":""MultiPoint"",""coordinates"":[]}"
584,SR_B6_1_EVI,-0.10547297871656001,"{""type"":""MultiPoint"",""coordinates"":[]}"
585,SR_B6_1_SR_B2_1,0.80974194454596,"{""type"":""MultiPoint"",""coordinates"":[]}"
586,SR_B6_1_SR_B3_1,0.8279665639971173,"{""type"":""MultiPoint"",""coordinates"":[]}"
587,SR_B6_1_SR_B4_1,0.8440189860014005,"{""type"":""MultiPoint"",""coordinates"":[]}"
588,SR_B6_1_SR_B5_1,0.3762909850094309,"{""type"":""MultiPoint"",""coordinates"":[]}"
589,SR_B6_1_SR_B6_1,1.0,"{""type"":""MultiPoint"",""coordinates"":[]}"
590,SR_B6_1_SR_B7_1,0.9544905343145597,"{""type"":""MultiPoint"",""coordinates"":[]}"
591,SR_B6_1_SR_B2_2,0.6262076279504916,"{""type"":""MultiPoint"",""coordinates"":[]}"
592,SR_B6_1_SR_B3_2,0.6547209983133269,"{""type"":""MultiPoint"",""coordinates"":[]}"
593,SR_B6_1_SR_B4_2,0.6738429039453658,"{""type"":""MultiPoint"",""coordinates"":[]}"
594,SR_B6_1_SR_B5_2,0.2178544158431842,"{""type"":""MultiPoint"",""coordinates"":[]}"
595,SR_B6_1_SR_B6_2,0.7857185346932113,"{""type"":""MultiPoint"",""coordinates"":[]}"
596,SR_B6_1_SR_B7_2,0.755004745612363,"{""type"":""MultiPoint"",""coordinates"":[]}"
597,SR_B6_1_pc1,0.6640707748622816,"{""type"":""MultiPoint"",""coordinates"":[]}"
598,SR_B6_1_pc2,0.5540522655981737,"{""type"":""MultiPoint"",""coordinates"":[]}"
599,SR_B6_1_pc3,-0.14626292149071674,"{""type"":""MultiPoint"",""coordinates"":[]}"
600,SR_B7_1_SR_B2,0.6284466861651309,"{""type"":""MultiPoint"",""coordinates"":[]}"
601,SR_B7_1_SR_B3,0.6641185877158119,"{""type"":""MultiPoint"",""coordinates"":[]}"
602,SR_B7_1_SR_B4,0.6546449444359868,"{""type"":""MultiPoint"",""coordinates"":[]}"
603,SR_B7_1_SR_B5,0.43671891701303406,"{""type"":""MultiPoint"",""coordinates"":[]}"
604,SR_B7_1_SR_B6,0.6428689136256192,"{""type"":""MultiPoint"",""coordinates"":[]}"
605,SR_B7_1_SR_B7,0.671692131750408,"{""type"":""MultiPoint"",""coordinates"":[]}"
606,SR_B7_1_elevation,-0.18577015535102703,"{""type"":""MultiPoint"",""coordinates"":[]}"
607,SR_B7_1_slope,-0.25275812822726634,"{""type"":""MultiPoint"",""coordinates"":[]}"
608,SR_B7_1_NDBI,0.4561693952823122,"{""type"":""MultiPoint"",""coordinates"":[]}"
609,SR_B7_1_NDVI,-0.48529379284028695,"{""type"":""MultiPoint"",""coordinates"":[]}"
610,SR_B7_1_BLFEI,0.37373482086532017,"{""type"":""MultiPoint"",""coordinates"":[]}"
611,SR_B7_1_NDMI,-0.4561693952823122,"{""type"":""MultiPoint"",""coordinates"":[]}"
612,SR_B7_1_NDSaII,0.3595352223618845,"{""type"":""MultiPoint"",""coordinates"":[]}"
613,SR_B7_1_ExG,-0.07338533840833966,"{""type"":""MultiPoint"",""coordinates"":[]}"
614,SR_B7_1_EVI,-0.2020564839539556,"{""type"":""MultiPoint"",""coordinates"":[]}"
615,SR_B7_1_SR_B2_1,0.8928422911329287,"{""type"":""MultiPoint"",""coordinates"":[]}"
616,SR_B7_1_SR_B3_1,0.8945725426017517,"{""type"":""MultiPoint"",""coordinates"":[]}"
617,SR_B7_1_SR_B4_1,0.9291349669035411,"{""type"":""MultiPoint"",""coordinates"":[]}"
618,SR_B7_1_SR_B5_1,0.17506120336260603,"{""type"":""MultiPoint"",""coordinates"":[]}"
619,SR_B7_1_SR_B6_1,0.9544905343145597,"{""type"":""MultiPoint"",""coordinates"":[]}"
620,SR_B7_1_SR_B7_1,1.0,"{""type"":""MultiPoint"",""coordinates"":[]}"
621,SR_B7_1_SR_B2_2,0.700195803851178,"{""type"":""MultiPoint"",""coordinates"":[]}"
622,SR_B7_1_SR_B3_2,0.7202552548468165,"{""type"":""MultiPoint"",""coordinates"":[]}"
623,SR_B7_1_SR_B4_2,0.739625812576984,"{""type"":""MultiPoint"",""coordinates"":[]}"
624,SR_B7_1_SR_B5_2,0.091481782223834,"{""type"":""MultiPoint"",""coordinates"":[]}"
625,SR_B7_1_SR_B6_2,0.7588860553714025,"{""type"":""MultiPoint"",""coordinates"":[]}"
626,SR_B7_1_SR_B7_2,0.7832909376390518,"{""type"":""MultiPoint"",""coordinates"":[]}"
627,SR_B7_1_pc1,0.7032769423785541,"{""type"":""MultiPoint"",""coordinates"":[]}"
628,SR_B7_1_pc2,0.543755031806996,"{""type"":""MultiPoint"",""coordinates"":[]}"
629,SR_B7_1_pc3,-0.1685877103165198,"{""type"":""MultiPoint"",""coordinates"":[]}"
630,SR_B2_2_SR_B2,0.8341939865488979,"{""type"":""MultiPoint"",""coordinates"":[]}"
631,SR_B2_2_SR_B3,0.8590533577740961,"{""type"":""MultiPoint"",""coordinates"":[]}"
632,SR_B2_2_SR_B4,0.8046226424422128,"{""type"":""MultiPoint"",""coordinates"":[]}"
633,SR_B2_2_SR_B5,0.3789397749084537,"{""type"":""MultiPoint"",""coordinates"":[]}"
634,SR_B2_2_SR_B6,0.6301763563834732,"{""type"":""MultiPoint"",""coordinates"":[]}"
635,SR_B2_2_SR_B7,0.712171924946599,"{""type"":""MultiPoint"",""coordinates"":[]}"
636,SR_B2_2_elevation,-0.36318053278882545,"{""type"":""MultiPoint"",""coordinates"":[]}"
637,SR_B2_2_slope,-0.3588853641460809,"{""type"":""MultiPoint"",""coordinates"":[]}"
638,SR_B2_2_NDBI,0.4692677291282175,"{""type"":""MultiPoint"",""coordinates"":[]}"
639,SR_B2_2_NDVI,-0.6708227253792799,"{""type"":""MultiPoint"",""coordinates"":[]}"
640,SR_B2_2_BLFEI,0.637942415140186,"{""type"":""MultiPoint"",""coordinates"":[]}"
641,SR_B2_2_NDMI,-0.4692677291282175,"{""type"":""MultiPoint"",""coordinates"":[]}"
642,SR_B2_2_NDSaII,0.6212160529067011,"{""type"":""MultiPoint"",""coordinates"":[]}"
643,SR_B2_2_ExG,-0.003932070989434234,"{""type"":""MultiPoint"",""coordinates"":[]}"
644,SR_B2_2_EVI,-0.35202175869822083,"{""type"":""MultiPoint"",""coordinates"":[]}"
645,SR_B2_2_SR_B2_1,0.8142607340860344,"{""type"":""MultiPoint"",""coordinates"":[]}"
646,SR_B2_2_SR_B3_1,0.8286983272515429,"{""type"":""MultiPoint"",""coordinates"":[]}"
647,SR_B2_2_SR_B4_1,0.7843295746657437,"{""type"":""MultiPoint"",""coordinates"":[]}"
648,SR_B2_2_SR_B5_1,0.15916207626450302,"{""type"":""MultiPoint"",""coordinates"":[]}"
649,SR_B2_2_SR_B6_1,0.6262076279504916,"{""type"":""MultiPoint"",""coordinates"":[]}"
650,SR_B2_2_SR_B7_1,0.700195803851178,"{""type"":""MultiPoint"",""coordinates"":[]}"
651,SR_B2_2_SR_B2_2,1.0,"{""type"":""MultiPoint"",""coordinates"":[]}"
652,SR_B2_2_SR_B3_2,0.9739907370693943,"{""type"":""MultiPoint"",""coordinates"":[]}"
653,SR_B2_2_SR_B4_2,0.9703210086000762,"{""type"":""MultiPoint"",""coordinates"":[]}"
654,SR_B2_2_SR_B5_2,-0.06488285012826413,"{""type"":""MultiPoint"",""coordinates"":[]}"
655,SR_B2_2_SR_B6_2,0.8042838919462898,"{""type"":""MultiPoint"",""coordinates"":[]}"
656,SR_B2_2_SR_B7_2,0.9121929713344243,"{""type"":""MultiPoint"",""coordinates"":[]}"
657,SR_B2_2_pc1,0.45829993809816894,"{""type"":""MultiPoint"",""coordinates"":[]}"
658,SR_B2_2_pc2,0.6842217770101249,"{""type"":""MultiPoint"",""coordinates"":[]}"
659,SR_B2_2_pc3,-0.18578646026268358,"{""type"":""MultiPoint"",""coordinates"":[]}"
660,SR_B3_2_SR_B2,0.8294221237769854,"{""type"":""MultiPoint"",""coordinates"":[]}"
661,SR_B3_2_SR_B3,0.8814978185745587,"{""type"":""MultiPoint"",""coordinates"":[]}"
662,SR_B3_2_SR_B4,0.8302692525682385,"{""type"":""MultiPoint"",""coordinates"":[]}"
663,SR_B3_2_SR_B5,0.4095726148546528,"{""type"":""MultiPoint"",""coordinates"":[]}"
664,SR_B3_2_SR_B6,0.665528745981585,"{""type"":""MultiPoint"",""coordinates"":[]}"
665,SR_B3_2_SR_B7,0.7374737778363748,"{""type"":""MultiPoint"",""coordinates"":[]}"
666,SR_B3_2_elevation,-0.3720328213964849,"{""type"":""MultiPoint"",""coordinates"":[]}"
667,SR_B3_2_slope,-0.3727493338011965,"{""type"":""MultiPoint"",""coordinates"":[]}"
668,SR_B3_2_NDBI,0.4948100415577994,"{""type"":""MultiPoint"",""coordinates"":[]}"
669,SR_B3_2_NDVI,-0.6898759688624642,"{""type"":""MultiPoint"",""coordinates"":[]}"
670,SR_B3_2_BLFEI,0.6469396435423612,"{""type"":""MultiPoint"",""coordinates"":[]}"
671,SR_B3_2_NDMI,-0.4948100415577994,"{""type"":""MultiPoint"",""coordinates"":[]}"
672,SR_B3_2_NDSaII,0.6345694855963353,"{""type"":""MultiPoint"",""coordinates"":[]}"
673,SR_B3_2_ExG,0.030897009792637604,"{""type"":""MultiPoint"",""coordinates"":[]}"
674,SR_B3_2_EVI,-0.35989429873793993,"{""type"":""MultiPoint"",""coordinates"":[]}"
675,SR_B3_2_SR_B2_1,0.8047310789098431,"{""type"":""MultiPoint"",""coordinates"":[]}"
676,SR_B3_2_SR_B3_1,0.845432140559435,"{""type"":""MultiPoint"",""coordinates"":[]}"
677,SR_B3_2_SR_B4_1,0.8017531845083222,"{""type"":""MultiPoint"",""coordinates"":[]}"
678,SR_B3_2_SR_B5_1,0.1781778714105684,"{""type"":""MultiPoint"",""coordinates"":[]}"
679,SR_B3_2_SR_B6_1,0.6547209983133269,"{""type"":""MultiPoint"",""coordinates"":[]}"
680,SR_B3_2_SR_B7_1,0.7202552548468165,"{""type"":""MultiPoint"",""coordinates"":[]}"
681,SR_B3_2_SR_B2_2,0.9739907370693943,"{""type"":""MultiPoint"",""coordinates"":[]}"
682,SR_B3_2_SR_B3_2,1.0,"{""type"":""MultiPoint"",""coordinates"":[]}"
683,SR_B3_2_SR_B4_2,0.9812812077085018,"{""type"":""MultiPoint"",""coordinates"":[]}"
684,SR_B3_2_SR_B5_2,-0.010467586512851313,"{""type"":""MultiPoint"",""coordinates"":[]}"
685,SR_B3_2_SR_B6_2,0.8239415198682158,"{""type"":""MultiPoint"",""coordinates"":[]}"
686,SR_B3_2_SR_B7_2,0.9146712099642883,"{""type"":""MultiPoint"",""coordinates"":[]}"
687,SR_B3_2_pc1,0.48314904356157057,"{""type"":""MultiPoint"",""coordinates"":[]}"
688,SR_B3_2_pc2,0.6911426445500747,"{""type"":""MultiPoint"",""coordinates"":[]}"
689,SR_B3_2_pc3,-0.1585964196052896,"{""type"":""MultiPoint"",""coordinates"":[]}"
690,SR_B4_2_SR_B2,0.8185841123139798,"{""type"":""MultiPoint"",""coordinates"":[]}"
691,SR_B4_2_SR_B3,0.8736169280831699,"{""type"":""MultiPoint"",""coordinates"":[]}"
692,SR_B4_2_SR_B4,0.8324127294598331,"{""type"":""MultiPoint"",""coordinates"":[]}"
693,SR_B4_2_SR_B5,0.40254969355253506,"{""type"":""MultiPoint"",""coordinates"":[]}"
694,SR_B4_2_SR_B6,0.6680108538719632,"{""type"":""MultiPoint"",""coordinates"":[]}"
695,SR_B4_2_SR_B7,0.741547933362205,"{""type"":""MultiPoint"",""coordinates"":[]}"
696,SR_B4_2_elevation,-0.3582349286003822,"{""type"":""MultiPoint"",""coordinates"":[]}"
697,SR_B4_2_slope,-0.359269148719829,"{""type"":""MultiPoint"",""coordinates"":[]}"
698,SR_B4_2_NDBI,0.4919470234189537,"{""type"":""MultiPoint"",""coordinates"":[]}"
699,SR_B4_2_NDVI,-0.6844303512387186,"{""type"":""MultiPoint"",""coordinates"":[]}"
700,SR_B4_2_BLFEI,0.633600131008767,"{""type"":""MultiPoint"",""coordinates"":[]}"
701,SR_B4_2_NDMI,-0.4919470234189537,"{""type"":""MultiPoint"",""coordinates"":[]}"
702,SR_B4_2_NDSaII,0.623815709824226,"{""type"":""MultiPoint"",""coordinates"":[]}"
703,SR_B4_2_ExG,0.007378604747804929,"{""type"":""MultiPoint"",""coordinates"":[]}"
704,SR_B4_2_EVI,-0.3702083617768704,"{""type"":""MultiPoint"",""coordinates"":[]}"
705,SR_B4_2_SR_B2_1,0.8045933888182194,"{""type"":""MultiPoint"",""coordinates"":[]}"
706,SR_B4_2_SR_B3_1,0.8517317349739372,"{""type"":""MultiPoint"",""coordinates"":[]}"
707,SR_B4_2_SR_B4_1,0.8173617002194038,"{""type"":""MultiPoint"",""coordinates"":[]}"
708,SR_B4_2_SR_B5_1,0.17279202098818428,"{""type"":""MultiPoint"",""coordinates"":[]}"
709,SR_B4_2_SR_B6_1,0.6738429039453658,"{""type"":""MultiPoint"",""coordinates"":[]}"
710,SR_B4_2_SR_B7_1,0.739625812576984,"{""type"":""MultiPoint"",""coordinates"":[]}"
711,SR_B4_2_SR_B2_2,0.9703210086000762,"{""type"":""MultiPoint"",""coordinates"":[]}"
712,SR_B4_2_SR_B3_2,0.9812812077085018,"{""type"":""MultiPoint"",""coordinates"":[]}"
713,SR_B4_2_SR_B4_2,1.0,"{""type"":""MultiPoint"",""coordinates"":[]}"
714,SR_B4_2_SR_B5_2,-0.07546412780088994,"{""type"":""MultiPoint"",""coordinates"":[]}"
715,SR_B4_2_SR_B6_2,0.8345204566214235,"{""type"":""MultiPoint"",""coordinates"":[]}"
716,SR_B4_2_SR_B7_2,0.9374364834632922,"{""type"":""MultiPoint"",""coordinates"":[]}"
717,SR_B4_2_pc1,0.4824536993631088,"{""type"":""MultiPoint"",""coordinates"":[]}"
718,SR_B4_2_pc2,0.6886258405365424,"{""type"":""MultiPoint"",""coordinates"":[]}"
719,SR_B4_2_pc3,-0.18438702259588394,"{""type"":""MultiPoint"",""coordinates"":[]}"
720,SR_B5_2_SR_B2,-0.012783245759182712,"{""type"":""MultiPoint"",""coordinates"":[]}"
721,SR_B5_2_SR_B3,-0.011201675428349347,"{""type"":""MultiPoint"",""coordinates"":[]}"
722,SR_B5_2_SR_B4,0.004117735645388595,"{""type"":""MultiPoint"",""coordinates"":[]}"
723,SR_B5_2_SR_B5,0.5468664440365912,"{""type"":""MultiPoint"",""coordinates"":[]}"
724,SR_B5_2_SR_B6,0.32037770225541884,"{""type"":""MultiPoint"",""coordinates"":[]}"
725,SR_B5_2_SR_B7,0.15205960636713828,"{""type"":""MultiPoint"",""coordinates"":[]}"
726,SR_B5_2_elevation,0.005468151872211997,"{""type"":""MultiPoint"",""coordinates"":[]}"
727,SR_B5_2_slope,0.02764101692597555,"{""type"":""MultiPoint"",""coordinates"":[]}"
728,SR_B5_2_NDBI,0.08240957609176547,"{""type"":""MultiPoint"",""coordinates"":[]}"
729,SR_B5_2_NDVI,0.21771358257590462,"{""type"":""MultiPoint"",""coordinates"":[]}"
730,SR_B5_2_BLFEI,-0.4314656963625127,"{""type"":""MultiPoint"",""coordinates"":[]}"
731,SR_B5_2_NDMI,-0.08240957609176547,"{""type"":""MultiPoint"",""coordinates"":[]}"
732,SR_B5_2_NDSaII,-0.399915743648448,"{""type"":""MultiPoint"",""coordinates"":[]}"
733,SR_B5_2_ExG,-0.04159902450251544,"{""type"":""MultiPoint"",""coordinates"":[]}"
734,SR_B5_2_EVI,0.43413193905193886,"{""type"":""MultiPoint"",""coordinates"":[]}"
735,SR_B5_2_SR_B2_1,-0.06036758038418748,"{""type"":""MultiPoint"",""coordinates"":[]}"
736,SR_B5_2_SR_B3_1,-0.0557756312571563,"{""type"":""MultiPoint"",""coordinates"":[]}"
737,SR_B5_2_SR_B4_1,-0.06056741291107317,"{""type"":""MultiPoint"",""coordinates"":[]}"
738,SR_B5_2_SR_B5_1,0.4314628193821724,"{""type"":""MultiPoint"",""coordinates"":[]}"
739,SR_B5_2_SR_B6_1,0.21785441584318443,"{""type"":""MultiPoint"",""coordinates"":[]}"
740,SR_B5_2_SR_B7_1,0.09148178222383377,"{""type"":""MultiPoint"",""coordinates"":[]}"
741,SR_B5_2_SR_B2_2,-0.06488285012826442,"{""type"":""MultiPoint"",""coordinates"":[]}"
742,SR_B5_2_SR_B3_2,-0.010467586512849542,"{""type"":""MultiPoint"",""coordinates"":[]}"
743,SR_B5_2_SR_B4_2,-0.07546412780089012,"{""type"":""MultiPoint"",""coordinates"":[]}"
744,SR_B5_2_SR_B5_2,1.0,"{""type"":""MultiPoint"",""coordinates"":[]}"
745,SR_B5_2_SR_B6_2,0.34051466849070516,"{""type"":""MultiPoint"",""coordinates"":[]}"
746,SR_B5_2_SR_B7_2,0.09151571209700098,"{""type"":""MultiPoint"",""coordinates"":[]}"
747,SR_B5_2_pc1,0.04069957295500551,"{""type"":""MultiPoint"",""coordinates"":[]}"
748,SR_B5_2_pc2,0.10107113121788645,"{""type"":""MultiPoint"",""coordinates"":[]}"
749,SR_B5_2_pc3,0.09178827517656514,"{""type"":""MultiPoint"",""coordinates"":[]}"
750,SR_B6_2_SR_B2,0.7250906481707814,"{""type"":""MultiPoint"",""coordinates"":[]}"
751,SR_B6_2_SR_B3,0.7660376586867164,"{""type"":""MultiPoint"",""coordinates"":[]}"
752,SR_B6_2_SR_B4,0.74711265455228,"{""type"":""MultiPoint"",""coordinates"":[]}"
753,SR_B6_2_SR_B5,0.5990367828934486,"{""type"":""MultiPoint"",""coordinates"":[]}"
754,SR_B6_2_SR_B6,0.8298633287731517,"{""type"":""MultiPoint"",""coordinates"":[]}"
755,SR_B6_2_SR_B7,0.8017491858129399,"{""type"":""MultiPoint"",""coordinates"":[]}"
756,SR_B6_2_elevation,-0.3592352187698263,"{""type"":""MultiPoint"",""coordinates"":[]}"
757,SR_B6_2_slope,-0.32872119363664637,"{""type"":""MultiPoint"",""coordinates"":[]}"
758,SR_B6_2_NDBI,0.5747501977380457,"{""type"":""MultiPoint"",""coordinates"":[]}"
759,SR_B6_2_NDVI,-0.5219691310181795,"{""type"":""MultiPoint"",""coordinates"":[]}"
760,SR_B6_2_BLFEI,0.3242187355860002,"{""type"":""MultiPoint"",""coordinates"":[]}"
761,SR_B6_2_NDMI,-0.5747501977380457,"{""type"":""MultiPoint"",""coordinates"":[]}"
762,SR_B6_2_NDSaII,0.3119980493453342,"{""type"":""MultiPoint"",""coordinates"":[]}"
763,SR_B6_2_ExG,-0.06028366008381796,"{""type"":""MultiPoint"",""coordinates"":[]}"
764,SR_B6_2_EVI,-0.1464694968326628,"{""type"":""MultiPoint"",""coordinates"":[]}"
765,SR_B6_2_SR_B2_1,0.6801772536792341,"{""type"":""MultiPoint"",""coordinates"":[]}"
766,SR_B6_2_SR_B3_1,0.716875358717523,"{""type"":""MultiPoint"",""coordinates"":[]}"
767,SR_B6_2_SR_B4_1,0.6887371391822209,"{""type"":""MultiPoint"",""coordinates"":[]}"
768,SR_B6_2_SR_B5_1,0.39730582315424157,"{""type"":""MultiPoint"",""coordinates"":[]}"
769,SR_B6_2_SR_B6_1,0.7857185346932112,"{""type"":""MultiPoint"",""coordinates"":[]}"
770,SR_B6_2_SR_B7_1,0.7588860553714025,"{""type"":""MultiPoint"",""coordinates"":[]}"
771,SR_B6_2_SR_B2_2,0.8042838919462898,"{""type"":""MultiPoint"",""coordinates"":[]}"
772,SR_B6_2_SR_B3_2,0.8239415198682158,"{""type"":""MultiPoint"",""coordinates"":[]}"
773,SR_B6_2_SR_B4_2,0.8345204566214235,"{""type"":""MultiPoint"",""coordinates"":[]}"
774,SR_B6_2_SR_B5_2,0.3405146684907053,"{""type"":""MultiPoint"",""coordinates"":[]}"
775,SR_B6_2_SR_B6_2,1.0,"{""type"":""MultiPoint"",""coordinates"":[]}"
776,SR_B6_2_SR_B7_2,0.9469735304136035,"{""type"":""MultiPoint"",""coordinates"":[]}"
777,SR_B6_2_pc1,0.46065513041208833,"{""type"":""MultiPoint"",""coordinates"":[]}"
778,SR_B6_2_pc2,0.716655301505755,"{""type"":""MultiPoint"",""coordinates"":[]}"
779,SR_B6_2_pc3,-0.12607636441058576,"{""type"":""MultiPoint"",""coordinates"":[]}"
780,SR_B7_2_SR_B2,0.7707964666837563,"{""type"":""MultiPoint"",""coordinates"":[]}"
781,SR_B7_2_SR_B3,0.8184939503366346,"{""type"":""MultiPoint"",""coordinates"":[]}"
782,SR_B7_2_SR_B4,0.7876463650658252,"{""type"":""MultiPoint"",""coordinates"":[]}"
783,SR_B7_2_SR_B5,0.49287722639433584,"{""type"":""MultiPoint"",""coordinates"":[]}"
784,SR_B7_2_SR_B6,0.7469745221065022,"{""type"":""MultiPoint"",""coordinates"":[]}"
785,SR_B7_2_SR_B7,0.7851305123125129,"{""type"":""MultiPoint"",""coordinates"":[]}"
786,SR_B7_2_elevation,-0.34495644322871427,"{""type"":""MultiPoint"",""coordinates"":[]}"
787,SR_B7_2_slope,-0.33725471593950596,"{""type"":""MultiPoint"",""coordinates"":[]}"
788,SR_B7_2_NDBI,0.5306767896234958,"{""type"":""MultiPoint"",""coordinates"":[]}"
789,SR_B7_2_NDVI,-0.5964522984209516,"{""type"":""MultiPoint"",""coordinates"":[]}"
790,SR_B7_2_BLFEI,0.4781813815824325,"{""type"":""MultiPoint"",""coordinates"":[]}"
791,SR_B7_2_NDMI,-0.5306767896234958,"{""type"":""MultiPoint"",""coordinates"":[]}"
792,SR_B7_2_NDSaII,0.45510955262582614,"{""type"":""MultiPoint"",""coordinates"":[]}"
793,SR_B7_2_ExG,-0.02423411076100365,"{""type"":""MultiPoint"",""coordinates"":[]}"
794,SR_B7_2_EVI,-0.26179028048291486,"{""type"":""MultiPoint"",""coordinates"":[]}"
795,SR_B7_2_SR_B2_1,0.7588098413375811,"{""type"":""MultiPoint"",""coordinates"":[]}"
796,SR_B7_2_SR_B3_1,0.7996103641581109,"{""type"":""MultiPoint"",""coordinates"":[]}"
797,SR_B7_2_SR_B4_1,0.77079485393874,"{""type"":""MultiPoint"",""coordinates"":[]}"
798,SR_B7_2_SR_B5_1,0.2853979873369638,"{""type"":""MultiPoint"",""coordinates"":[]}"
799,SR_B7_2_SR_B6_1,0.755004745612363,"{""type"":""MultiPoint"",""coordinates"":[]}"
800,SR_B7_2_SR_B7_1,0.7832909376390518,"{""type"":""MultiPoint"",""coordinates"":[]}"
801,SR_B7_2_SR_B2_2,0.9121929713344243,"{""type"":""MultiPoint"",""coordinates"":[]}"
802,SR_B7_2_SR_B3_2,0.9146712099642883,"{""type"":""MultiPoint"",""coordinates"":[]}"
803,SR_B7_2_SR_B4_2,0.9374364834632922,"{""type"":""MultiPoint"",""coordinates"":[]}"
804,SR_B7_2_SR_B5_2,0.09151571209700082,"{""type"":""MultiPoint"",""coordinates"":[]}"
805,SR_B7_2_SR_B6_2,0.9469735304136035,"{""type"":""MultiPoint"",""coordinates"":[]}"
806,SR_B7_2_SR_B7_2,1.0,"{""type"":""MultiPoint"",""coordinates"":[]}"
807,SR_B7_2_pc1,0.4920817146296184,"{""type"":""MultiPoint"",""coordinates"":[]}"
808,SR_B7_2_pc2,0.7135056781332103,"{""type"":""MultiPoint"",""coordinates"":[]}"
809,SR_B7_2_pc3,-0.1853556383780612,"{""type"":""MultiPoint"",""coordinates"":[]}"
810,pc1_SR_B2,0.38982759141176065,"{""type"":""MultiPoint"",""coordinates"":[]}"
811,pc1_SR_B3,0.4004217783124376,"{""type"":""MultiPoint"",""coordinates"":[]}"
812,pc1_SR_B4,0.3954783588904607,"{""type"":""MultiPoint"",""coordinates"":[]}"
813,pc1_SR_B5,0.2571443025000741,"{""type"":""MultiPoint"",""coordinates"":[]}"
814,pc1_SR_B6,0.3438480779032387,"{""type"":""MultiPoint"",""coordinates"":[]}"
815,pc1_SR_B7,0.3802606301786664,"{""type"":""MultiPoint"",""coordinates"":[]}"
816,pc1_elevation,-0.030286736897795125,"{""type"":""MultiPoint"",""coordinates"":[]}"
817,pc1_slope,-0.22286381634675814,"{""type"":""MultiPoint"",""coordinates"":[]}"
818,pc1_NDBI,0.26034802634347504,"{""type"":""MultiPoint"",""coordinates"":[]}"
819,pc1_NDVI,-0.31528157535519236,"{""type"":""MultiPoint"",""coordinates"":[]}"
820,pc1_BLFEI,0.27763240964559927,"{""type"":""MultiPoint"",""coordinates"":[]}"
821,pc1_NDMI,-0.26034802634347504,"{""type"":""MultiPoint"",""coordinates"":[]}"
822,pc1_NDSaII,0.2792871853393698,"{""type"":""MultiPoint"",""coordinates"":[]}"
823,pc1_ExG,-0.06684869028307253,"{""type"":""MultiPoint"",""coordinates"":[]}"
824,pc1_EVI,-0.12869114778499322,"{""type"":""MultiPoint"",""coordinates"":[]}"
825,pc1_SR_B2_1,0.6609188593712244,"{""type"":""MultiPoint"",""coordinates"":[]}"
826,pc1_SR_B3_1,0.6306386216049614,"{""type"":""MultiPoint"",""coordinates"":[]}"
827,pc1_SR_B4_1,0.6834124057187133,"{""type"":""MultiPoint"",""coordinates"":[]}"
828,pc1_SR_B5_1,0.10878058855973298,"{""type"":""MultiPoint"",""coordinates"":[]}"
829,pc1_SR_B6_1,0.6640707748622816,"{""type"":""MultiPoint"",""coordinates"":[]}"
830,pc1_SR_B7_1,0.7032769423785541,"{""type"":""MultiPoint"",""coordinates"":[]}"
831,pc1_SR_B2_2,0.45829993809816905,"{""type"":""MultiPoint"",""coordinates"":[]}"
832,pc1_SR_B3_2,0.48314904356157057,"{""type"":""MultiPoint"",""coordinates"":[]}"
833,pc1_SR_B4_2,0.48245369936310883,"{""type"":""MultiPoint"",""coordinates"":[]}"
834,pc1_SR_B5_2,0.04069957295500348,"{""type"":""MultiPoint"",""coordinates"":[]}"
835,pc1_SR_B6_2,0.4606551304120883,"{""type"":""MultiPoint"",""coordinates"":[]}"
836,pc1_SR_B7_2,0.4920817146296184,"{""type"":""MultiPoint"",""coordinates"":[]}"
837,pc1_pc1,1.0,"{""type"":""MultiPoint"",""coordinates"":[]}"
838,pc1_pc2,0.37303062702100925,"{""type"":""MultiPoint"",""coordinates"":[]}"
839,pc1_pc3,-0.11634754761803531,"{""type"":""MultiPoint"",""coordinates"":[]}"
840,pc2_SR_B2,0.7242538885751257,"{""type"":""MultiPoint"",""coordinates"":[]}"
841,pc2_SR_B3,0.7408422543823455,"{""type"":""MultiPoint"",""coordinates"":[]}"
842,pc2_SR_B4,0.7125056878941177,"{""type"":""MultiPoint"",""coordinates"":[]}"
843,pc2_SR_B5,0.3262566832083267,"{""type"":""MultiPoint"",""coordinates"":[]}"
844,pc2_SR_B6,0.6833315423052341,"{""type"":""MultiPoint"",""coordinates"":[]}"
845,pc2_SR_B7,0.707008379545285,"{""type"":""MultiPoint"",""coordinates"":[]}"
846,pc2_elevation,-0.5590029423708778,"{""type"":""MultiPoint"",""coordinates"":[]}"
847,pc2_slope,-0.473961100007245,"{""type"":""MultiPoint"",""coordinates"":[]}"
848,pc2_NDBI,0.586867356941701,"{""type"":""MultiPoint"",""coordinates"":[]}"
849,pc2_NDVI,-0.6215776178240391,"{""type"":""MultiPoint"",""coordinates"":[]}"
850,pc2_BLFEI,0.4884359154889199,"{""type"":""MultiPoint"",""coordinates"":[]}"
851,pc2_NDMI,-0.586867356941701,"{""type"":""MultiPoint"",""coordinates"":[]}"
852,pc2_NDSaII,0.4756442857179326,"{""type"":""MultiPoint"",""coordinates"":[]}"
853,pc2_ExG,-0.06991453593496576,"{""type"":""MultiPoint"",""coordinates"":[]}"
854,pc2_EVI,-0.32853497518725333,"{""type"":""MultiPoint"",""coordinates"":[]}"
855,pc2_SR_B2_1,0.5573098317501937,"{""type"":""MultiPoint"",""coordinates"":[]}"
856,pc2_SR_B3_1,0.5881214556543378,"{""type"":""MultiPoint"",""coordinates"":[]}"
857,pc2_SR_B4_1,0.5311954656986269,"{""type"":""MultiPoint"",""coordinates"":[]}"
858,pc2_SR_B5_1,0.3370387006904031,"{""type"":""MultiPoint"",""coordinates"":[]}"
859,pc2_SR_B6_1,0.5540522655981737,"{""type"":""MultiPoint"",""coordinates"":[]}"
860,pc2_SR_B7_1,0.5437550318069961,"{""type"":""MultiPoint"",""coordinates"":[]}"
861,pc2_SR_B2_2,0.6842217770101249,"{""type"":""MultiPoint"",""coordinates"":[]}"
862,pc2_SR_B3_2,0.6911426445500747,"{""type"":""MultiPoint"",""coordinates"":[]}"
863,pc2_SR_B4_2,0.6886258405365424,"{""type"":""MultiPoint"",""coordinates"":[]}"
864,pc2_SR_B5_2,0.10107113121788629,"{""type"":""MultiPoint"",""coordinates"":[]}"
865,pc2_SR_B6_2,0.716655301505755,"{""type"":""MultiPoint"",""coordinates"":[]}"
866,pc2_SR_B7_2,0.7135056781332103,"{""type"":""MultiPoint"",""coordinates"":[]}"
867,pc2_pc1,0.37303062702100925,"{""type"":""MultiPoint"",""coordinates"":[]}"
868,pc2_pc2,1.0,"{""type"":""MultiPoint"",""coordinates"":[]}"
869,pc2_pc3,-0.016471653377797216,"{""type"":""MultiPoint"",""coordinates"":[]}"
870,pc3_SR_B2,0.06568608121511732,"{""type"":""MultiPoint"",""coordinates"":[]}"
871,pc3_SR_B3,9.348855431191113E-4,"{""type"":""MultiPoint"",""coordinates"":[]}"
872,pc3_SR_B4,0.0811492025576032,"{""type"":""MultiPoint"",""coordinates"":[]}"
873,pc3_SR_B5,-0.2304844702674183,"{""type"":""MultiPoint"",""coordinates"":[]}"
874,pc3_SR_B6,0.13829371085952574,"{""type"":""MultiPoint"",""coordinates"":[]}"
875,pc3_SR_B7,0.1273940313602453,"{""type"":""MultiPoint"",""coordinates"":[]}"
876,pc3_elevation,0.11006935087865836,"{""type"":""MultiPoint"",""coordinates"":[]}"
877,pc3_slope,0.10165499914530315,"{""type"":""MultiPoint"",""coordinates"":[]}"
878,pc3_NDBI,0.28739412441249523,"{""type"":""MultiPoint"",""coordinates"":[]}"
879,pc3_NDVI,-0.14429803690688467,"{""type"":""MultiPoint"",""coordinates"":[]}"
880,pc3_BLFEI,-0.05493268970742761,"{""type"":""MultiPoint"",""coordinates"":[]}"
881,pc3_NDMI,-0.28739412441249523,"{""type"":""MultiPoint"",""coordinates"":[]}"
882,pc3_NDSaII,-0.02762142480761821,"{""type"":""MultiPoint"",""coordinates"":[]}"
883,pc3_ExG,-0.36830389232625055,"{""type"":""MultiPoint"",""coordinates"":[]}"
884,pc3_EVI,-0.2458812979975554,"{""type"":""MultiPoint"",""coordinates"":[]}"
885,pc3_SR_B2_1,-0.20349670296950845,"{""type"":""MultiPoint"",""coordinates"":[]}"
886,pc3_SR_B3_1,-0.1984458864313219,"{""type"":""MultiPoint"",""coordinates"":[]}"
887,pc3_SR_B4_1,-0.2090386868520999,"{""type"":""MultiPoint"",""coordinates"":[]}"
888,pc3_SR_B5_1,-0.060600663665010865,"{""type"":""MultiPoint"",""coordinates"":[]}"
889,pc3_SR_B6_1,-0.14626292149071649,"{""type"":""MultiPoint"",""coordinates"":[]}"
890,pc3_SR_B7_1,-0.16858771031651965,"{""type"":""MultiPoint"",""coordinates"":[]}"
891,pc3_SR_B2_2,-0.1857864602626836,"{""type"":""MultiPoint"",""coordinates"":[]}"
892,pc3_SR_B3_2,-0.1585964196052897,"{""type"":""MultiPoint"",""coordinates"":[]}"
893,pc3_SR_B4_2,-0.18438702259588363,"{""type"":""MultiPoint"",""coordinates"":[]}"
894,pc3_SR_B5_2,0.09178827517656472,"{""type"":""MultiPoint"",""coordinates"":[]}"
895,pc3_SR_B6_2,-0.1260763644105858,"{""type"":""MultiPoint"",""coordinates"":[]}"
896,pc3_SR_B7_2,-0.1853556383780613,"{""type"":""MultiPoint"",""coordinates"":[]}"
897,pc3_pc1,-0.11634754761803462,"{""type"":""MultiPoint"",""coordinates"":[]}"
898,pc3_pc2,-0.01647165337779844,"{""type"":""MultiPoint"",""coordinates"":[]}"
899,pc3_pc3,1.0,"{""type"":""MultiPoint"",""coordinates"":[]}"
